log_mass_to_light_ratio,log_Omega,log_prob
-0.6,1.0,-27811.547
-0.5755102,1.0,-27152.035
-0.5510204,1.0,-26394.25
-0.5265306,1.0,-25587.277
-0.5020408,1.0,-24629.715
-0.477551,1.0,-23835.418
-0.45306122,1.0,-23169.639
-0.42857143,1.0,-22514.752
-0.40408164,1.0,-21922.541
-0.37959182,1.0,-21241.281
-0.35510203,1.0,-20522.36
-0.33061224,1.0,-19876.934
-0.30612245,1.0,-19264.477
-0.28163266,1.0,-18750.727
-0.25714287,1.0,-18444.605
-0.23265307,1.0,-18181.305
-0.20816326,1.0,-17945.871
-0.18367347,1.0,-17650.406
-0.15918367,1.0,-17393.756
-0.13469388,1.0,-17466.541
-0.11020408,1.0,-17945.54
-0.08571429,1.0,-18850.008
-0.06122449,1.0,-20136.146
-0.036734693,1.0,-21918.9
-0.012244898,1.0,-24571.648
0.012244898,1.0,-27892.947
0.036734693,1.0,-31963.562
0.06122449,1.0,-36887.09
0.08571429,1.0,-42843.605
0.11020408,1.0,-49965.26
0.13469388,1.0,-58321.55
0.15918367,1.0,-68422.41
0.18367347,1.0,-80012.49
0.20816326,1.0,-93515.63
0.23265307,1.0,-109038.12
0.25714287,1.0,-126684.18
0.28163266,1.0,-146443.61
0.30612245,1.0,-168090.25
0.33061224,1.0,-191749.31
0.35510203,1.0,-217416.67
0.37959182,1.0,-245684.03
0.40408164,1.0,-275858.1
0.42857143,1.0,-308618.75
0.45306122,1.0,-343131.94
0.477551,1.0,-378841.56
0.5020408,1.0,-418346.06
0.5265306,1.0,-459540.84
0.5510204,1.0,-502324.62
0.5755102,1.0,-547430.7
0.6,1.0,-594451.6
-0.6,1.0340798,-28497.934
-0.5755102,1.0340798,-27527.66
-0.5510204,1.0340798,-26601.645
-0.5265306,1.0340798,-25418.082
-0.5020408,1.0340798,-24536.004
-0.477551,1.0340798,-23809.477
-0.45306122,1.0340798,-23160.352
-0.42857143,1.0340798,-22546.475
-0.40408164,1.0340798,-21863.824
-0.37959182,1.0340798,-21172.807
-0.35510203,1.0340798,-20436.598
-0.33061224,1.0340798,-19742.773
-0.30612245,1.0340798,-19192.195
-0.28163266,1.0340798,-18712.236
-0.25714287,1.0340798,-18366.154
-0.23265307,1.0340798,-18053.322
-0.20816326,1.0340798,-17704.441
-0.18367347,1.0340798,-17329.678
-0.15918367,1.0340798,-17134.113
-0.13469388,1.0340798,-17206.18
-0.11020408,1.0340798,-17588.69
-0.08571429,1.0340798,-18260.422
-0.06122449,1.0340798,-19382.746
-0.036734693,1.0340798,-20974.072
-0.012244898,1.0340798,-23197.152
0.012244898,1.0340798,-26244.445
0.036734693,1.0340798,-30235.613
0.06122449,1.0340798,-35187.74
0.08571429,1.0340798,-41281.824
0.11020408,1.0340798,-48775.32
0.13469388,1.0340798,-57683.38
0.15918367,1.0340798,-68036.555
0.18367347,1.0340798,-79871.18
0.20816326,1.0340798,-93509.39
0.23265307,1.0340798,-109025.01
0.25714287,1.0340798,-126407.78
0.28163266,1.0340798,-146005.08
0.30612245,1.0340798,-167759.52
0.33061224,1.0340798,-191474.27
0.35510203,1.0340798,-216741.25
0.37959182,1.0340798,-244133.38
0.40408164,1.0340798,-273311.12
0.42857143,1.0340798,-303955.78
0.45306122,1.0340798,-336430.34
0.477551,1.0340798,-370045.47
0.5020408,1.0340798,-405540.47
0.5265306,1.0340798,-444008.3
0.5510204,1.0340798,-484207.9
0.5755102,1.0340798,-525418.0
0.6,1.0340798,-568079.9
-0.6,1.0656788,-27559.084
-0.5755102,1.0656788,-26730.352
-0.5510204,1.0656788,-25860.582
-0.5265306,1.0656788,-25187.887
-0.5020408,1.0656788,-24712.297
-0.477551,1.0656788,-24102.613
-0.45306122,1.0656788,-23654.473
-0.42857143,1.0656788,-23145.63
-0.40408164,1.0656788,-22538.174
-0.37959182,1.0656788,-21873.47
-0.35510203,1.0656788,-21233.666
-0.33061224,1.0656788,-20556.49
-0.30612245,1.0656788,-19957.469
-0.28163266,1.0656788,-19523.354
-0.25714287,1.0656788,-19020.637
-0.23265307,1.0656788,-18498.225
-0.20816326,1.0656788,-18051.564
-0.18367347,1.0656788,-17873.035
-0.15918367,1.0656788,-17730.453
-0.13469388,1.0656788,-17808.93
-0.11020408,1.0656788,-18121.562
-0.08571429,1.0656788,-19021.145
-0.06122449,1.0656788,-20494.07
-0.036734693,1.0656788,-22594.79
-0.012244898,1.0656788,-25486.824
0.012244898,1.0656788,-28986.166
0.036734693,1.0656788,-33455.31
0.06122449,1.0656788,-38915.383
0.08571429,1.0656788,-45682.62
0.11020408,1.0656788,-53816.074
0.13469388,1.0656788,-63393.19
0.15918367,1.0656788,-74747.64
0.18367347,1.0656788,-87852.484
0.20816326,1.0656788,-102676.695
0.23265307,1.0656788,-119315.38
0.25714287,1.0656788,-137894.6
0.28163266,1.0656788,-158518.34
0.30612245,1.0656788,-180725.6
0.33061224,1.0656788,-205103.08
0.35510203,1.0656788,-231670.52
0.37959182,1.0656788,-259787.88
0.40408164,1.0656788,-289228.1
0.42857143,1.0656788,-320436.1
0.45306122,1.0656788,-352667.03
0.477551,1.0656788,-387059.75
0.5020408,1.0656788,-424071.53
0.5265306,1.0656788,-462509.9
0.5510204,1.0656788,-502464.03
0.5755102,1.0656788,-543621.25
0.6,1.0656788,-586342.75
-0.6,1.0951338,-28052.889
-0.5755102,1.0951338,-27066.611
-0.5510204,1.0951338,-26347.654
-0.5265306,1.0951338,-25803.504
-0.5020408,1.0951338,-25209.504
-0.477551,1.0951338,-24453.553
-0.45306122,1.0951338,-23799.457
-0.42857143,1.0951338,-23124.533
-0.40408164,1.0951338,-22430.482
-0.37959182,1.0951338,-21643.887
-0.35510203,1.0951338,-20876.967
-0.33061224,1.0951338,-20081.416
-0.30612245,1.0951338,-19317.998
-0.28163266,1.0951338,-18535.521
-0.25714287,1.0951338,-17768.566
-0.23265307,1.0951338,-17120.459
-0.20816326,1.0951338,-16573.936
-0.18367347,1.0951338,-16253.799
-0.15918367,1.0951338,-16163.76
-0.13469388,1.0951338,-16157.154
-0.11020408,1.0951338,-16493.133
-0.08571429,1.0951338,-17269.453
-0.06122449,1.0951338,-18410.875
-0.036734693,1.0951338,-20176.27
-0.012244898,1.0951338,-22626.172
0.012244898,1.0951338,-25914.957
0.036734693,1.0951338,-30025.604
0.06122449,1.0951338,-34925.457
0.08571429,1.0951338,-40977.684
0.11020408,1.0951338,-48073.145
0.13469388,1.0951338,-56700.516
0.15918367,1.0951338,-67020.79
0.18367347,1.0951338,-79024.336
0.20816326,1.0951338,-92717.03
0.23265307,1.0951338,-108192.6
0.25714287,1.0951338,-125537.97
0.28163266,1.0951338,-145090.69
0.30612245,1.0951338,-166929.53
0.33061224,1.0951338,-191093.66
0.35510203,1.0951338,-217207.69
0.37959182,1.0951338,-245082.39
0.40408164,1.0951338,-274692.72
0.42857143,1.0951338,-306059.3
0.45306122,1.0951338,-338599.97
0.477551,1.0951338,-372813.34
0.5020408,1.0951338,-408616.5
0.5265306,1.0951338,-445343.84
0.5510204,1.0951338,-483849.22
0.5755102,1.0951338,-526688.25
0.6,1.0951338,-570714.6
-0.6,1.1227173,-27737.29
-0.5755102,1.1227173,-26844.352
-0.5510204,1.1227173,-26081.807
-0.5265306,1.1227173,-25400.453
-0.5020408,1.1227173,-24628.094
-0.477551,1.1227173,-23750.52
-0.45306122,1.1227173,-22954.133
-0.42857143,1.1227173,-22247.04
-0.40408164,1.1227173,-21540.932
-0.37959182,1.1227173,-20884.781
-0.35510203,1.1227173,-20193.605
-0.33061224,1.1227173,-19485.266
-0.30612245,1.1227173,-18788.305
-0.28163266,1.1227173,-18080.848
-0.25714287,1.1227173,-17370.06
-0.23265307,1.1227173,-16778.879
-0.20816326,1.1227173,-16168.734
-0.18367347,1.1227173,-15754.597
-0.15918367,1.1227173,-15423.021
-0.13469388,1.1227173,-15352.669
-0.11020408,1.1227173,-15753.573
-0.08571429,1.1227173,-16582.518
-0.06122449,1.1227173,-17855.605
-0.036734693,1.1227173,-19831.852
-0.012244898,1.1227173,-22540.031
0.012244898,1.1227173,-25963.805
0.036734693,1.1227173,-30240.148
0.06122449,1.1227173,-35496.438
0.08571429,1.1227173,-41883.84
0.11020408,1.1227173,-49555.223
0.13469388,1.1227173,-58765.36
0.15918367,1.1227173,-69660.18
0.18367347,1.1227173,-82352.46
0.20816326,1.1227173,-97227.664
0.23265307,1.1227173,-114048.555
0.25714287,1.1227173,-132964.44
0.28163266,1.1227173,-153906.78
0.30612245,1.1227173,-176940.8
0.33061224,1.1227173,-202201.05
0.35510203,1.1227173,-229634.31
0.37959182,1.1227173,-259200.77
0.40408164,1.1227173,-290704.06
0.42857143,1.1227173,-323220.38
0.45306122,1.1227173,-357458.12
0.477551,1.1227173,-393706.12
0.5020408,1.1227173,-431340.38
0.5265306,1.1227173,-470453.44
0.5510204,1.1227173,-511036.06
0.5755102,1.1227173,-554681.5
0.6,1.1227173,-598481.4
-0.6,1.148653,-28206.068
-0.5755102,1.148653,-27181.59
-0.5510204,1.148653,-26212.738
-0.5265306,1.148653,-25373.195
-0.5020408,1.148653,-24338.715
-0.477551,1.148653,-23368.172
-0.45306122,1.148653,-22502.078
-0.42857143,1.148653,-21570.703
-0.40408164,1.148653,-20756.172
-0.37959182,1.148653,-19907.172
-0.35510203,1.148653,-19029.549
-0.33061224,1.148653,-18224.27
-0.30612245,1.148653,-17405.71
-0.28163266,1.148653,-16520.383
-0.25714287,1.148653,-15770.092
-0.23265307,1.148653,-15073.463
-0.20816326,1.148653,-14511.33
-0.18367347,1.148653,-14036.414
-0.15918367,1.148653,-13942.492
-0.13469388,1.148653,-14037.293
-0.11020408,1.148653,-14450.112
-0.08571429,1.148653,-15209.162
-0.06122449,1.148653,-16420.09
-0.036734693,1.148653,-18164.176
-0.012244898,1.148653,-20695.621
0.012244898,1.148653,-23870.219
0.036734693,1.148653,-27670.307
0.06122449,1.148653,-32710.822
0.08571429,1.148653,-38812.69
0.11020408,1.148653,-46048.855
0.13469388,1.148653,-54607.65
0.15918367,1.148653,-64758.05
0.18367347,1.148653,-76767.91
0.20816326,1.148653,-90230.52
0.23265307,1.148653,-105887.15
0.25714287,1.148653,-123386.805
0.28163266,1.148653,-142696.95
0.30612245,1.148653,-164277.86
0.33061224,1.148653,-187946.75
0.35510203,1.148653,-213829.12
0.37959182,1.148653,-241485.58
0.40408164,1.148653,-270836.3
0.42857143,1.148653,-302129.47
0.45306122,1.148653,-335809.56
0.477551,1.148653,-369980.84
0.5020408,1.148653,-406335.2
0.5265306,1.148653,-446021.38
0.5510204,1.148653,-487398.62
0.5755102,1.148653,-531342.0
0.6,1.148653,-576408.6
-0.6,1.1731268,-27577.402
-0.5755102,1.1731268,-26471.795
-0.5510204,1.1731268,-25636.213
-0.5265306,1.1731268,-24731.666
-0.5020408,1.1731268,-23829.06
-0.477551,1.1731268,-22948.848
-0.45306122,1.1731268,-21930.541
-0.42857143,1.1731268,-20942.207
-0.40408164,1.1731268,-20031.738
-0.37959182,1.1731268,-19019.098
-0.35510203,1.1731268,-18051.832
-0.33061224,1.1731268,-17130.215
-0.30612245,1.1731268,-16334.9
-0.28163266,1.1731268,-15555.547
-0.25714287,1.1731268,-14838.44
-0.23265307,1.1731268,-14217.934
-0.20816326,1.1731268,-13681.68
-0.18367347,1.1731268,-13185.943
-0.15918367,1.1731268,-12811.138
-0.13469388,1.1731268,-12659.559
-0.11020408,1.1731268,-12946.865
-0.08571429,1.1731268,-13627.065
-0.06122449,1.1731268,-14764.082
-0.036734693,1.1731268,-16491.771
-0.012244898,1.1731268,-18822.482
0.012244898,1.1731268,-21871.906
0.036734693,1.1731268,-25784.23
0.06122449,1.1731268,-30480.941
0.08571429,1.1731268,-36226.94
0.11020408,1.1731268,-43503.816
0.13469388,1.1731268,-52274.582
0.15918367,1.1731268,-62626.0
0.18367347,1.1731268,-74612.82
0.20816326,1.1731268,-88716.38
0.23265307,1.1731268,-104476.81
0.25714287,1.1731268,-122138.33
0.28163266,1.1731268,-142167.88
0.30612245,1.1731268,-164410.56
0.33061224,1.1731268,-189251.34
0.35510203,1.1731268,-215884.77
0.37959182,1.1731268,-244663.27
0.40408164,1.1731268,-275117.5
0.42857143,1.1731268,-307170.2
0.45306122,1.1731268,-342649.62
0.477551,1.1731268,-380000.03
0.5020408,1.1731268,-417942.7
0.5265306,1.1731268,-460561.88
0.5510204,1.1731268,-504473.53
0.5755102,1.1731268,-549353.94
0.6,1.1731268,-597346.94
-0.6,1.1962947,-26849.992
-0.5755102,1.1962947,-25719.5
-0.5510204,1.1962947,-24814.998
-0.5265306,1.1962947,-23925.031
-0.5020408,1.1962947,-23073.88
-0.477551,1.1962947,-22133.418
-0.45306122,1.1962947,-21210.139
-0.42857143,1.1962947,-20303.373
-0.40408164,1.1962947,-19357.102
-0.37959182,1.1962947,-18311.252
-0.35510203,1.1962947,-17258.105
-0.33061224,1.1962947,-16236.186
-0.30612245,1.1962947,-15264.867
-0.28163266,1.1962947,-14378.556
-0.25714287,1.1962947,-13485.365
-0.23265307,1.1962947,-12641.406
-0.20816326,1.1962947,-12006.717
-0.18367347,1.1962947,-11433.662
-0.15918367,1.1962947,-11152.518
-0.13469388,1.1962947,-11242.007
-0.11020408,1.1962947,-11654.756
-0.08571429,1.1962947,-12440.781
-0.06122449,1.1962947,-13591.35
-0.036734693,1.1962947,-15271.598
-0.012244898,1.1962947,-17642.795
0.012244898,1.1962947,-20639.527
0.036734693,1.1962947,-24567.873
0.06122449,1.1962947,-29444.045
0.08571429,1.1962947,-35533.766
0.11020408,1.1962947,-43058.207
0.13469388,1.1962947,-51863.45
0.15918367,1.1962947,-62101.617
0.18367347,1.1962947,-74100.48
0.20816326,1.1962947,-88061.23
0.23265307,1.1962947,-103872.805
0.25714287,1.1962947,-121461.65
0.28163266,1.1962947,-140600.66
0.30612245,1.1962947,-161506.89
0.33061224,1.1962947,-184243.47
0.35510203,1.1962947,-208480.12
0.37959182,1.1962947,-234496.83
0.40408164,1.1962947,-263911.94
0.42857143,1.1962947,-295687.34
0.45306122,1.1962947,-329426.34
0.477551,1.1962947,-365241.78
0.5020408,1.1962947,-403470.47
0.5265306,1.1962947,-442549.44
0.5510204,1.1962947,-486459.62
0.5755102,1.1962947,-532434.06
0.6,1.1962947,-580776.0
-0.6,1.2182889,-25960.809
-0.5755102,1.2182889,-25103.152
-0.5510204,1.2182889,-24244.34
-0.5265306,1.2182889,-23330.902
-0.5020408,1.2182889,-22401.332
-0.477551,1.2182889,-21518.215
-0.45306122,1.2182889,-20603.008
-0.42857143,1.2182889,-19552.77
-0.40408164,1.2182889,-18556.21
-0.37959182,1.2182889,-17566.162
-0.35510203,1.2182889,-16602.299
-0.33061224,1.2182889,-15585.019
-0.30612245,1.2182889,-14652.501
-0.28163266,1.2182889,-13748.381
-0.25714287,1.2182889,-12866.746
-0.23265307,1.2182889,-12023.693
-0.20816326,1.2182889,-11301.609
-0.18367347,1.2182889,-10763.399
-0.15918367,1.2182889,-10497.23
-0.13469388,1.2182889,-10539.29
-0.11020408,1.2182889,-10906.924
-0.08571429,1.2182889,-11591.865
-0.06122449,1.2182889,-12694.257
-0.036734693,1.2182889,-14296.697
-0.012244898,1.2182889,-16511.986
0.012244898,1.2182889,-19551.547
0.036734693,1.2182889,-23426.398
0.06122449,1.2182889,-28271.947
0.08571429,1.2182889,-34191.727
0.11020408,1.2182889,-41377.89
0.13469388,1.2182889,-49790.22
0.15918367,1.2182889,-59675.23
0.18367347,1.2182889,-71460.305
0.20816326,1.2182889,-85032.01
0.23265307,1.2182889,-100539.805
0.25714287,1.2182889,-117952.31
0.28163266,1.2182889,-136826.56
0.30612245,1.2182889,-158384.25
0.33061224,1.2182889,-181744.94
0.35510203,1.2182889,-206758.45
0.37959182,1.2182889,-233660.33
0.40408164,1.2182889,-262011.98
0.42857143,1.2182889,-292309.84
0.45306122,1.2182889,-324262.12
0.477551,1.2182889,-359400.56
0.5020408,1.2182889,-397370.62
0.5265306,1.2182889,-436836.88
0.5510204,1.2182889,-478164.88
0.5755102,1.2182889,-523830.66
0.6,1.2182889,-572344.8
-0.6,1.2392229,-25275.014
-0.5755102,1.2392229,-24295.586
-0.5510204,1.2392229,-23311.61
-0.5265306,1.2392229,-22313.479
-0.5020408,1.2392229,-21341.525
-0.477551,1.2392229,-20316.379
-0.45306122,1.2392229,-19396.264
-0.42857143,1.2392229,-18431.135
-0.40408164,1.2392229,-17448.63
-0.37959182,1.2392229,-16459.746
-0.35510203,1.2392229,-15433.816
-0.33061224,1.2392229,-14456.688
-0.30612245,1.2392229,-13531.504
-0.28163266,1.2392229,-12617.77
-0.25714287,1.2392229,-11730.13
-0.23265307,1.2392229,-10944.832
-0.20816326,1.2392229,-10399.562
-0.18367347,1.2392229,-9945.763
-0.15918367,1.2392229,-9679.785
-0.13469388,1.2392229,-9751.805
-0.11020408,1.2392229,-10075.445
-0.08571429,1.2392229,-10655.975
-0.06122449,1.2392229,-11659.783
-0.036734693,1.2392229,-13285.396
-0.012244898,1.2392229,-15471.006
0.012244898,1.2392229,-18285.574
0.036734693,1.2392229,-21802.297
0.06122449,1.2392229,-26190.49
0.08571429,1.2392229,-31719.445
0.11020408,1.2392229,-38331.965
0.13469388,1.2392229,-46218.34
0.15918367,1.2392229,-55802.7
0.18367347,1.2392229,-67572.14
0.20816326,1.2392229,-80933.875
0.23265307,1.2392229,-96177.836
0.25714287,1.2392229,-113608.43
0.28163266,1.2392229,-133198.75
0.30612245,1.2392229,-154918.64
0.33061224,1.2392229,-178591.45
0.35510203,1.2392229,-204506.62
0.37959182,1.2392229,-232338.77
0.40408164,1.2392229,-261717.62
0.42857143,1.2392229,-293091.22
0.45306122,1.2392229,-325805.56
0.477551,1.2392229,-359722.9
0.5020408,1.2392229,-395904.2
0.5265306,1.2392229,-436205.38
0.5510204,1.2392229,-479303.94
0.5755102,1.2392229,-524985.06
0.6,1.2392229,-573048.6
-0.6,1.2591939,-25045.342
-0.5755102,1.2591939,-23939.996
-0.5510204,1.2591939,-22954.672
-0.5265306,1.2591939,-21911.477
-0.5020408,1.2591939,-20719.816
-0.477551,1.2591939,-19629.46
-0.45306122,1.2591939,-18568.652
-0.42857143,1.2591939,-17483.242
-0.40408164,1.2591939,-16388.494
-0.37959182,1.2591939,-15333.672
-0.35510203,1.2591939,-14271.191
-0.33061224,1.2591939,-13348.646
-0.30612245,1.2591939,-12431.868
-0.28163266,1.2591939,-11612.805
-0.25714287,1.2591939,-10848.189
-0.23265307,1.2591939,-10086.568
-0.20816326,1.2591939,-9393.797
-0.18367347,1.2591939,-8909.124
-0.15918367,1.2591939,-8635.082
-0.13469388,1.2591939,-8629.91
-0.11020408,1.2591939,-8941.107
-0.08571429,1.2591939,-9558.732
-0.06122449,1.2591939,-10521.321
-0.036734693,1.2591939,-11979.599
-0.012244898,1.2591939,-13999.969
0.012244898,1.2591939,-16711.834
0.036734693,1.2591939,-20265.95
0.06122449,1.2591939,-24708.758
0.08571429,1.2591939,-30152.66
0.11020408,1.2591939,-36969.855
0.13469388,1.2591939,-45371.41
0.15918367,1.2591939,-55403.867
0.18367347,1.2591939,-67030.555
0.20816326,1.2591939,-79955.83
0.23265307,1.2591939,-94835.72
0.25714287,1.2591939,-111640.2
0.28163266,1.2591939,-130513.28
0.30612245,1.2591939,-151244.1
0.33061224,1.2591939,-173800.86
0.35510203,1.2591939,-198335.9
0.37959182,1.2591939,-224962.67
0.40408164,1.2591939,-253134.8
0.42857143,1.2591939,-282529.2
0.45306122,1.2591939,-313221.22
0.477551,1.2591939,-346438.7
0.5020408,1.2591939,-382127.9
0.5265306,1.2591939,-419778.8
0.5510204,1.2591939,-457982.2
0.5755102,1.2591939,-498799.06
0.6,1.2591939,-541697.94
-0.6,1.2782868,-24962.44
-0.5755102,1.2782868,-23723.205
-0.5510204,1.2782868,-22573.71
-0.5265306,1.2782868,-21421.168
-0.5020408,1.2782868,-20310.715
-0.477551,1.2782868,-19258.633
-0.45306122,1.2782868,-18168.531
-0.42857143,1.2782868,-17181.578
-0.40408164,1.2782868,-16193.719
-0.37959182,1.2782868,-15213.571
-0.35510203,1.2782868,-14215.11
-0.33061224,1.2782868,-13194.733
-0.30612245,1.2782868,-12225.879
-0.28163266,1.2782868,-11307.594
-0.25714287,1.2782868,-10438.778
-0.23265307,1.2782868,-9685.986
-0.20816326,1.2782868,-9034.551
-0.18367347,1.2782868,-8522.105
-0.15918367,1.2782868,-8285.164
-0.13469388,1.2782868,-8336.753
-0.11020408,1.2782868,-8716.13
-0.08571429,1.2782868,-9390.77
-0.06122449,1.2782868,-10426.387
-0.036734693,1.2782868,-12026.541
-0.012244898,1.2782868,-14213.356
0.012244898,1.2782868,-17097.102
0.036734693,1.2782868,-20769.45
0.06122449,1.2782868,-25304.133
0.08571429,1.2782868,-30758.45
0.11020408,1.2782868,-37447.297
0.13469388,1.2782868,-45342.99
0.15918367,1.2782868,-54755.71
0.18367347,1.2782868,-66068.195
0.20816326,1.2782868,-79153.77
0.23265307,1.2782868,-94238.03
0.25714287,1.2782868,-111265.81
0.28163266,1.2782868,-130466.3
0.30612245,1.2782868,-151089.53
0.33061224,1.2782868,-173609.06
0.35510203,1.2782868,-198199.23
0.37959182,1.2782868,-225143.45
0.40408164,1.2782868,-253575.8
0.42857143,1.2782868,-283874.7
0.45306122,1.2782868,-315722.44
0.477551,1.2782868,-349107.78
0.5020408,1.2782868,-384432.25
0.5265306,1.2782868,-421522.47
0.5510204,1.2782868,-460574.47
0.5755102,1.2782868,-501840.62
0.6,1.2782868,-543868.3
-0.6,1.2965757,-24049.734
-0.5755102,1.2965757,-23050.168
-0.5510204,1.2965757,-22110.8
-0.5265306,1.2965757,-21079.236
-0.5020408,1.2965757,-19981.117
-0.477551,1.2965757,-18931.129
-0.45306122,1.2965757,-17900.406
-0.42857143,1.2965757,-17020.031
-0.40408164,1.2965757,-16020.76
-0.37959182,1.2965757,-15054.841
-0.35510203,1.2965757,-14079.77
-0.33061224,1.2965757,-13072.401
-0.30612245,1.2965757,-12129.0625
-0.28163266,1.2965757,-11199.479
-0.25714287,1.2965757,-10296.596
-0.23265307,1.2965757,-9462.835
-0.20816326,1.2965757,-8785.29
-0.18367347,1.2965757,-8296.456
-0.15918367,1.2965757,-8029.6987
-0.13469388,1.2965757,-8051.35
-0.11020408,1.2965757,-8322.6455
-0.08571429,1.2965757,-8868.915
-0.06122449,1.2965757,-9833.759
-0.036734693,1.2965757,-11197.977
-0.012244898,1.2965757,-13217.908
0.012244898,1.2965757,-16084.775
0.036734693,1.2965757,-19772.4
0.06122449,1.2965757,-24340.398
0.08571429,1.2965757,-29950.99
0.11020408,1.2965757,-36891.465
0.13469388,1.2965757,-45408.016
0.15918367,1.2965757,-55286.742
0.18367347,1.2965757,-66853.086
0.20816326,1.2965757,-80084.43
0.23265307,1.2965757,-95034.36
0.25714287,1.2965757,-112161.37
0.28163266,1.2965757,-130710.305
0.30612245,1.2965757,-150987.34
0.33061224,1.2965757,-173555.05
0.35510203,1.2965757,-198746.7
0.37959182,1.2965757,-225204.5
0.40408164,1.2965757,-254745.47
0.42857143,1.2965757,-285827.38
0.45306122,1.2965757,-319345.25
0.477551,1.2965757,-354609.66
0.5020408,1.2965757,-393581.94
0.5265306,1.2965757,-434870.6
0.5510204,1.2965757,-477123.34
0.5755102,1.2965757,-521200.7
0.6,1.2965757,-567850.8
-0.6,1.3141253,-23589.28
-0.5755102,1.3141253,-22593.508
-0.5510204,1.3141253,-21605.969
-0.5265306,1.3141253,-20523.18
-0.5020408,1.3141253,-19440.328
-0.477551,1.3141253,-18442.041
-0.45306122,1.3141253,-17504.6
-0.42857143,1.3141253,-16527.377
-0.40408164,1.3141253,-15545.057
-0.37959182,1.3141253,-14530.974
-0.35510203,1.3141253,-13444.305
-0.33061224,1.3141253,-12422.285
-0.30612245,1.3141253,-11453.346
-0.28163266,1.3141253,-10560.307
-0.25714287,1.3141253,-9770.897
-0.23265307,1.3141253,-9069.477
-0.20816326,1.3141253,-8464.777
-0.18367347,1.3141253,-7998.845
-0.15918367,1.3141253,-7748.1333
-0.13469388,1.3141253,-7706.1313
-0.11020408,1.3141253,-7956.848
-0.08571429,1.3141253,-8499.632
-0.06122449,1.3141253,-9438.421
-0.036734693,1.3141253,-10799.774
-0.012244898,1.3141253,-12779.807
0.012244898,1.3141253,-15463.481
0.036734693,1.3141253,-18921.254
0.06122449,1.3141253,-23355.766
0.08571429,1.3141253,-28840.965
0.11020408,1.3141253,-35558.51
0.13469388,1.3141253,-43437.254
0.15918367,1.3141253,-52801.863
0.18367347,1.3141253,-63729.125
0.20816326,1.3141253,-76433.28
0.23265307,1.3141253,-91152.72
0.25714287,1.3141253,-107618.2
0.28163266,1.3141253,-126173.766
0.30612245,1.3141253,-147032.58
0.33061224,1.3141253,-169474.4
0.35510203,1.3141253,-193436.88
0.37959182,1.3141253,-219325.28
0.40408164,1.3141253,-248002.4
0.42857143,1.3141253,-278390.12
0.45306122,1.3141253,-310052.8
0.477551,1.3141253,-343915.47
0.5020408,1.3141253,-378539.6
0.5265306,1.3141253,-416551.12
0.5510204,1.3141253,-456538.25
0.5755102,1.3141253,-498143.88
0.6,1.3141253,-541779.4
-0.6,1.3309932,-23406.219
-0.5755102,1.3309932,-22289.852
-0.5510204,1.3309932,-21227.54
-0.5265306,1.3309932,-20254.96
-0.5020408,1.3309932,-19287.12
-0.477551,1.3309932,-18185.914
-0.45306122,1.3309932,-17204.637
-0.42857143,1.3309932,-16204.72
-0.40408164,1.3309932,-15259.291
-0.37959182,1.3309932,-14275.838
-0.35510203,1.3309932,-13315.143
-0.33061224,1.3309932,-12371.808
-0.30612245,1.3309932,-11451.858
-0.28163266,1.3309932,-10612.309
-0.25714287,1.3309932,-9796.6
-0.23265307,1.3309932,-9057.279
-0.20816326,1.3309932,-8385.561
-0.18367347,1.3309932,-7849.871
-0.15918367,1.3309932,-7558.304
-0.13469388,1.3309932,-7514.5586
-0.11020408,1.3309932,-7805.095
-0.08571429,1.3309932,-8345.921
-0.06122449,1.3309932,-9213.49
-0.036734693,1.3309932,-10577.758
-0.012244898,1.3309932,-12454.934
0.012244898,1.3309932,-14847.305
0.036734693,1.3309932,-18056.133
0.06122449,1.3309932,-22144.293
0.08571429,1.3309932,-27060.562
0.11020408,1.3309932,-33308.63
0.13469388,1.3309932,-41154.098
0.15918367,1.3309932,-50734.926
0.18367347,1.3309932,-62076.973
0.20816326,1.3309932,-75353.18
0.23265307,1.3309932,-89943.836
0.25714287,1.3309932,-106767.266
0.28163266,1.3309932,-125427.57
0.30612245,1.3309932,-146106.2
0.33061224,1.3309932,-168937.86
0.35510203,1.3309932,-193322.14
0.37959182,1.3309932,-219601.0
0.40408164,1.3309932,-246825.2
0.42857143,1.3309932,-275341.88
0.45306122,1.3309932,-307505.88
0.477551,1.3309932,-341946.8
0.5020408,1.3309932,-377396.1
0.5265306,1.3309932,-413190.53
0.5510204,1.3309932,-453160.3
0.5755102,1.3309932,-494487.78
0.6,1.3309932,-536843.0
-0.6,1.3472304,-23480.04
-0.5755102,1.3472304,-22632.66
-0.5510204,1.3472304,-21583.01
-0.5265306,1.3472304,-20552.14
-0.5020408,1.3472304,-19535.244
-0.477551,1.3472304,-18509.014
-0.45306122,1.3472304,-17536.336
-0.42857143,1.3472304,-16531.08
-0.40408164,1.3472304,-15501.801
-0.37959182,1.3472304,-14496.627
-0.35510203,1.3472304,-13496.791
-0.33061224,1.3472304,-12509.24
-0.30612245,1.3472304,-11515.541
-0.28163266,1.3472304,-10540.772
-0.25714287,1.3472304,-9639.293
-0.23265307,1.3472304,-8892.854
-0.20816326,1.3472304,-8206.609
-0.18367347,1.3472304,-7728.3306
-0.15918367,1.3472304,-7402.436
-0.13469388,1.3472304,-7279.488
-0.11020408,1.3472304,-7468.4634
-0.08571429,1.3472304,-7962.5093
-0.06122449,1.3472304,-8845.615
-0.036734693,1.3472304,-10220.705
-0.012244898,1.3472304,-12082.896
0.012244898,1.3472304,-14569.58
0.036734693,1.3472304,-17953.715
0.06122449,1.3472304,-22355.83
0.08571429,1.3472304,-27810.746
0.11020408,1.3472304,-34362.188
0.13469388,1.3472304,-42047.816
0.15918367,1.3472304,-50906.508
0.18367347,1.3472304,-61378.414
0.20816326,1.3472304,-73941.99
0.23265307,1.3472304,-88634.81
0.25714287,1.3472304,-105247.32
0.28163266,1.3472304,-123418.44
0.30612245,1.3472304,-143501.23
0.33061224,1.3472304,-165518.22
0.35510203,1.3472304,-188979.86
0.37959182,1.3472304,-214427.5
0.40408164,1.3472304,-241027.8
0.42857143,1.3472304,-269364.72
0.45306122,1.3472304,-298937.62
0.477551,1.3472304,-331848.94
0.5020408,1.3472304,-367690.78
0.5265306,1.3472304,-406590.97
0.5510204,1.3472304,-447009.94
0.5755102,1.3472304,-487500.84
0.6,1.3472304,-531053.5
-0.6,1.3628824,-23496.064
-0.5755102,1.3628824,-22354.262
-0.5510204,1.3628824,-21327.084
-0.5265306,1.3628824,-20329.387
-0.5020408,1.3628824,-19210.508
-0.477551,1.3628824,-18236.262
-0.45306122,1.3628824,-17245.664
-0.42857143,1.3628824,-16318.413
-0.40408164,1.3628824,-15317.832
-0.37959182,1.3628824,-14264.932
-0.35510203,1.3628824,-13301.858
-0.33061224,1.3628824,-12348.311
-0.30612245,1.3628824,-11452.972
-0.28163266,1.3628824,-10516.535
-0.25714287,1.3628824,-9617.899
-0.23265307,1.3628824,-8840.162
-0.20816326,1.3628824,-8209.387
-0.18367347,1.3628824,-7699.839
-0.15918367,1.3628824,-7443.4326
-0.13469388,1.3628824,-7382.039
-0.11020408,1.3628824,-7570.1743
-0.08571429,1.3628824,-8036.27
-0.06122449,1.3628824,-8871.001
-0.036734693,1.3628824,-10211.42
-0.012244898,1.3628824,-12201.075
0.012244898,1.3628824,-14876.91
0.036734693,1.3628824,-18471.83
0.06122449,1.3628824,-23030.436
0.08571429,1.3628824,-28620.467
0.11020408,1.3628824,-35480.402
0.13469388,1.3628824,-43770.867
0.15918367,1.3628824,-53758.95
0.18367347,1.3628824,-65486.355
0.20816326,1.3628824,-78676.51
0.23265307,1.3628824,-93731.336
0.25714287,1.3628824,-110919.91
0.28163266,1.3628824,-130226.96
0.30612245,1.3628824,-151092.61
0.33061224,1.3628824,-173597.83
0.35510203,1.3628824,-198032.55
0.37959182,1.3628824,-224979.36
0.40408164,1.3628824,-253844.03
0.42857143,1.3628824,-283033.84
0.45306122,1.3628824,-315070.84
0.477551,1.3628824,-349968.2
0.5020408,1.3628824,-386377.34
0.5265306,1.3628824,-424252.75
0.5510204,1.3628824,-463778.9
0.5755102,1.3628824,-506274.78
0.6,1.3628824,-548630.94
-0.6,1.3779898,-22978.816
-0.5755102,1.3779898,-22150.89
-0.5510204,1.3779898,-21324.256
-0.5265306,1.3779898,-20449.207
-0.5020408,1.3779898,-19574.838
-0.477551,1.3779898,-18687.957
-0.45306122,1.3779898,-17683.883
-0.42857143,1.3779898,-16595.412
-0.40408164,1.3779898,-15489.773
-0.37959182,1.3779898,-14446.975
-0.35510203,1.3779898,-13376.317
-0.33061224,1.3779898,-12349.7295
-0.30612245,1.3779898,-11292.066
-0.28163266,1.3779898,-10329.861
-0.25714287,1.3779898,-9436.785
-0.23265307,1.3779898,-8625.844
-0.20816326,1.3779898,-7888.443
-0.18367347,1.3779898,-7377.3594
-0.15918367,1.3779898,-7061.0713
-0.13469388,1.3779898,-7000.746
-0.11020408,1.3779898,-7182.27
-0.08571429,1.3779898,-7635.117
-0.06122449,1.3779898,-8478.395
-0.036734693,1.3779898,-9769.536
-0.012244898,1.3779898,-11627.7
0.012244898,1.3779898,-14040.033
0.036734693,1.3779898,-17128.496
0.06122449,1.3779898,-21216.385
0.08571429,1.3779898,-26238.496
0.11020408,1.3779898,-32220.633
0.13469388,1.3779898,-39570.023
0.15918367,1.3779898,-48395.887
0.18367347,1.3779898,-58915.457
0.20816326,1.3779898,-71216.164
0.23265307,1.3779898,-85474.125
0.25714287,1.3779898,-101520.15
0.28163266,1.3779898,-119712.14
0.30612245,1.3779898,-139625.23
0.33061224,1.3779898,-161669.39
0.35510203,1.3779898,-185685.02
0.37959182,1.3779898,-211725.67
0.40408164,1.3779898,-239041.34
0.42857143,1.3779898,-267600.38
0.45306122,1.3779898,-297609.03
0.477551,1.3779898,-331462.34
0.5020408,1.3779898,-368195.62
0.5265306,1.3779898,-406017.47
0.5510204,1.3779898,-444100.75
0.5755102,1.3779898,-484618.8
0.6,1.3779898,-528917.06
-0.6,1.3925893,-22758.79
-0.5755102,1.3925893,-21782.006
-0.5510204,1.3925893,-20833.934
-0.5265306,1.3925893,-19917.086
-0.5020408,1.3925893,-19111.992
-0.477551,1.3925893,-18178.217
-0.45306122,1.3925893,-17209.195
-0.42857143,1.3925893,-16246.113
-0.40408164,1.3925893,-15308.211
-0.37959182,1.3925893,-14370.294
-0.35510203,1.3925893,-13409.564
-0.33061224,1.3925893,-12414.043
-0.30612245,1.3925893,-11387.213
-0.28163266,1.3925893,-10363.443
-0.25714287,1.3925893,-9403.25
-0.23265307,1.3925893,-8552.602
-0.20816326,1.3925893,-7841.901
-0.18367347,1.3925893,-7293.354
-0.15918367,1.3925893,-6998.09
-0.13469388,1.3925893,-6933.3745
-0.11020408,1.3925893,-7140.665
-0.08571429,1.3925893,-7640.6313
-0.06122449,1.3925893,-8405.659
-0.036734693,1.3925893,-9522.899
-0.012244898,1.3925893,-11128.211
0.012244898,1.3925893,-13327.995
0.036734693,1.3925893,-16316.213
0.06122449,1.3925893,-20214.578
0.08571429,1.3925893,-25133.457
0.11020408,1.3925893,-31166.914
0.13469388,1.3925893,-38490.707
0.15918367,1.3925893,-47302.81
0.18367347,1.3925893,-57617.246
0.20816326,1.3925893,-69656.27
0.23265307,1.3925893,-83448.945
0.25714287,1.3925893,-99211.445
0.28163266,1.3925893,-117175.63
0.30612245,1.3925893,-137324.44
0.33061224,1.3925893,-159438.14
0.35510203,1.3925893,-183583.86
0.37959182,1.3925893,-209660.94
0.40408164,1.3925893,-238138.77
0.42857143,1.3925893,-267990.25
0.45306122,1.3925893,-299518.3
0.477551,1.3925893,-332017.5
0.5020408,1.3925893,-365797.78
0.5265306,1.3925893,-402916.88
0.5510204,1.3925893,-441740.8
0.5755102,1.3925893,-482542.75
0.6,1.3925893,-527591.3
-0.6,1.406714,-23015.223
-0.5755102,1.406714,-22025.738
-0.5510204,1.406714,-21014.309
-0.5265306,1.406714,-20010.52
-0.5020408,1.406714,-19002.238
-0.477551,1.406714,-17958.174
-0.45306122,1.406714,-16898.875
-0.42857143,1.406714,-15945.311
-0.40408164,1.406714,-15034.438
-0.37959182,1.406714,-14037.419
-0.35510203,1.406714,-13149.532
-0.33061224,1.406714,-12230.395
-0.30612245,1.406714,-11331.489
-0.28163266,1.406714,-10408.706
-0.25714287,1.406714,-9461.742
-0.23265307,1.406714,-8574.294
-0.20816326,1.406714,-7862.8335
-0.18367347,1.406714,-7396.2305
-0.15918367,1.406714,-7100.5747
-0.13469388,1.406714,-7030.725
-0.11020408,1.406714,-7213.154
-0.08571429,1.406714,-7662.7505
-0.06122449,1.406714,-8401.817
-0.036734693,1.406714,-9660.334
-0.012244898,1.406714,-11551.123
0.012244898,1.406714,-14003.223
0.036734693,1.406714,-17234.316
0.06122449,1.406714,-21325.467
0.08571429,1.406714,-26654.623
0.11020408,1.406714,-33099.207
0.13469388,1.406714,-40915.137
0.15918367,1.406714,-50312.55
0.18367347,1.406714,-61300.547
0.20816326,1.406714,-73830.17
0.23265307,1.406714,-88360.586
0.25714287,1.406714,-104865.164
0.28163266,1.406714,-123143.47
0.30612245,1.406714,-143030.58
0.33061224,1.406714,-165199.42
0.35510203,1.406714,-189267.73
0.37959182,1.406714,-215144.6
0.40408164,1.406714,-242516.3
0.42857143,1.406714,-271793.28
0.45306122,1.406714,-302311.6
0.477551,1.406714,-334058.62
0.5020408,1.406714,-368259.0
0.5265306,1.406714,-405276.88
0.5510204,1.406714,-443786.6
0.5755102,1.406714,-483627.47
0.6,1.406714,-526974.1
-0.6,1.4203936,-23036.521
-0.5755102,1.4203936,-21969.828
-0.5510204,1.4203936,-20993.816
-0.5265306,1.4203936,-19942.578
-0.5020408,1.4203936,-18976.738
-0.477551,1.4203936,-17984.602
-0.45306122,1.4203936,-17024.25
-0.42857143,1.4203936,-15990.068
-0.40408164,1.4203936,-15043.756
-0.37959182,1.4203936,-14057.851
-0.35510203,1.4203936,-13096.458
-0.33061224,1.4203936,-12158.959
-0.30612245,1.4203936,-11202.992
-0.28163266,1.4203936,-10219.982
-0.25714287,1.4203936,-9266.481
-0.23265307,1.4203936,-8376.873
-0.20816326,1.4203936,-7629.479
-0.18367347,1.4203936,-7111.8394
-0.15918367,1.4203936,-6883.6284
-0.13469388,1.4203936,-6865.838
-0.11020408,1.4203936,-7085.6045
-0.08571429,1.4203936,-7539.9097
-0.06122449,1.4203936,-8270.863
-0.036734693,1.4203936,-9417.304
-0.012244898,1.4203936,-11136.057
0.012244898,1.4203936,-13503.994
0.036734693,1.4203936,-16584.719
0.06122449,1.4203936,-20515.285
0.08571429,1.4203936,-25433.133
0.11020408,1.4203936,-31518.2
0.13469388,1.4203936,-38844.652
0.15918367,1.4203936,-47569.938
0.18367347,1.4203936,-57830.305
0.20816326,1.4203936,-69947.68
0.23265307,1.4203936,-83891.41
0.25714287,1.4203936,-99731.914
0.28163266,1.4203936,-117594.96
0.30612245,1.4203936,-137686.86
0.33061224,1.4203936,-159336.67
0.35510203,1.4203936,-182892.5
0.37959182,1.4203936,-208549.84
0.40408164,1.4203936,-236437.25
0.42857143,1.4203936,-266052.66
0.45306122,1.4203936,-296302.1
0.477551,1.4203936,-329075.4
0.5020408,1.4203936,-363146.22
0.5265306,1.4203936,-400626.2
0.5510204,1.4203936,-440378.56
0.5755102,1.4203936,-482527.5
0.6,1.4203936,-525166.2
-0.6,1.4336556,-23146.723
-0.5755102,1.4336556,-22210.705
-0.5510204,1.4336556,-21320.387
-0.5265306,1.4336556,-20162.89
-0.5020408,1.4336556,-19112.225
-0.477551,1.4336556,-18115.496
-0.45306122,1.4336556,-17082.482
-0.42857143,1.4336556,-16108.8125
-0.40408164,1.4336556,-15155.088
-0.37959182,1.4336556,-14217.719
-0.35510203,1.4336556,-13233.015
-0.33061224,1.4336556,-12284.327
-0.30612245,1.4336556,-11340.477
-0.28163266,1.4336556,-10421.296
-0.25714287,1.4336556,-9495.028
-0.23265307,1.4336556,-8653.561
-0.20816326,1.4336556,-7881.024
-0.18367347,1.4336556,-7354.168
-0.15918367,1.4336556,-7012.176
-0.13469388,1.4336556,-6930.3354
-0.11020408,1.4336556,-7106.571
-0.08571429,1.4336556,-7459.5464
-0.06122449,1.4336556,-8179.3813
-0.036734693,1.4336556,-9244.393
-0.012244898,1.4336556,-10817.031
0.012244898,1.4336556,-13045.158
0.036734693,1.4336556,-15990.98
0.06122449,1.4336556,-19651.383
0.08571429,1.4336556,-24278.074
0.11020408,1.4336556,-30028.7
0.13469388,1.4336556,-36944.555
0.15918367,1.4336556,-45252.69
0.18367347,1.4336556,-55246.004
0.20816326,1.4336556,-66773.23
0.23265307,1.4336556,-79882.23
0.25714287,1.4336556,-94863.84
0.28163266,1.4336556,-111727.21
0.30612245,1.4336556,-130223.33
0.33061224,1.4336556,-150724.89
0.35510203,1.4336556,-172948.17
0.37959182,1.4336556,-196615.08
0.40408164,1.4336556,-222407.38
0.42857143,1.4336556,-250175.73
0.45306122,1.4336556,-279697.28
0.477551,1.4336556,-309476.88
0.5020408,1.4336556,-343579.34
0.5265306,1.4336556,-379504.1
0.5510204,1.4336556,-417523.8
0.5755102,1.4336556,-458749.84
0.6,1.4336556,-501543.44
-0.6,1.4465245,-23923.771
-0.5755102,1.4465245,-22843.766
-0.5510204,1.4465245,-21778.27
-0.5265306,1.4465245,-20761.646
-0.5020408,1.4465245,-19778.562
-0.477551,1.4465245,-18741.562
-0.45306122,1.4465245,-17665.61
-0.42857143,1.4465245,-16652.8
-0.40408164,1.4465245,-15683.589
-0.37959182,1.4465245,-14587.12
-0.35510203,1.4465245,-13528.83
-0.33061224,1.4465245,-12493.207
-0.30612245,1.4465245,-11441.801
-0.28163266,1.4465245,-10441.156
-0.25714287,1.4465245,-9513.8955
-0.23265307,1.4465245,-8687.876
-0.20816326,1.4465245,-7967.5093
-0.18367347,1.4465245,-7456.0825
-0.15918367,1.4465245,-7119.356
-0.13469388,1.4465245,-7042.6753
-0.11020408,1.4465245,-7208.361
-0.08571429,1.4465245,-7621.463
-0.06122449,1.4465245,-8435.279
-0.036734693,1.4465245,-9662.732
-0.012244898,1.4465245,-11428.6875
0.012244898,1.4465245,-13886.63
0.036734693,1.4465245,-17118.387
0.06122449,1.4465245,-21187.076
0.08571429,1.4465245,-26346.547
0.11020408,1.4465245,-32668.775
0.13469388,1.4465245,-40234.13
0.15918367,1.4465245,-49347.332
0.18367347,1.4465245,-59875.418
0.20816326,1.4465245,-72136.484
0.23265307,1.4465245,-86328.53
0.25714287,1.4465245,-102354.11
0.28163266,1.4465245,-120419.164
0.30612245,1.4465245,-139914.95
0.33061224,1.4465245,-161896.88
0.35510203,1.4465245,-185636.38
0.37959182,1.4465245,-210966.86
0.40408164,1.4465245,-237330.0
0.42857143,1.4465245,-266129.56
0.45306122,1.4465245,-297164.03
0.477551,1.4465245,-328537.62
0.5020408,1.4465245,-364054.88
0.5265306,1.4465245,-402249.1
0.5510204,1.4465245,-441084.28
0.5755102,1.4465245,-482798.56
0.6,1.4465245,-526405.1
-0.6,1.459023,-23337.62
-0.5755102,1.459023,-22291.488
-0.5510204,1.459023,-21276.254
-0.5265306,1.459023,-20238.764
-0.5020408,1.459023,-19278.291
-0.477551,1.459023,-18366.182
-0.45306122,1.459023,-17378.842
-0.42857143,1.459023,-16419.95
-0.40408164,1.459023,-15473.012
-0.37959182,1.459023,-14487.91
-0.35510203,1.459023,-13545.204
-0.33061224,1.459023,-12571.8955
-0.30612245,1.459023,-11605.406
-0.28163266,1.459023,-10621.902
-0.25714287,1.459023,-9621.825
-0.23265307,1.459023,-8758.676
-0.20816326,1.459023,-8043.251
-0.18367347,1.459023,-7522.1426
-0.15918367,1.459023,-7209.5933
-0.13469388,1.459023,-7096.9185
-0.11020408,1.459023,-7258.3267
-0.08571429,1.459023,-7654.8613
-0.06122449,1.459023,-8404.506
-0.036734693,1.459023,-9609.262
-0.012244898,1.459023,-11313.822
0.012244898,1.459023,-13685.538
0.036734693,1.459023,-16896.43
0.06122449,1.459023,-20881.02
0.08571429,1.459023,-25831.59
0.11020408,1.459023,-31920.566
0.13469388,1.459023,-39366.77
0.15918367,1.459023,-48111.387
0.18367347,1.459023,-58416.48
0.20816326,1.459023,-70600.37
0.23265307,1.459023,-84760.445
0.25714287,1.459023,-100824.836
0.28163266,1.459023,-118548.336
0.30612245,1.459023,-138312.64
0.33061224,1.459023,-160025.19
0.35510203,1.459023,-183325.89
0.37959182,1.459023,-208415.48
0.40408164,1.459023,-236099.42
0.42857143,1.459023,-265575.53
0.45306122,1.459023,-296638.1
0.477551,1.459023,-328346.47
0.5020408,1.459023,-362586.78
0.5265306,1.459023,-400180.97
0.5510204,1.459023,-439650.4
0.5755102,1.459023,-482406.0
0.6,1.459023,-525387.75
-0.6,1.471172,-23039.895
-0.5755102,1.471172,-22046.816
-0.5510204,1.471172,-21101.262
-0.5265306,1.471172,-20127.021
-0.5020408,1.471172,-19134.242
-0.477551,1.471172,-18216.426
-0.45306122,1.471172,-17282.375
-0.42857143,1.471172,-16381.916
-0.40408164,1.471172,-15417.898
-0.37959182,1.471172,-14467.222
-0.35510203,1.471172,-13472.388
-0.33061224,1.471172,-12517.07
-0.30612245,1.471172,-11560.86
-0.28163266,1.471172,-10662.0625
-0.25714287,1.471172,-9783.677
-0.23265307,1.471172,-9009.76
-0.20816326,1.471172,-8314.482
-0.18367347,1.471172,-7824.138
-0.15918367,1.471172,-7579.289
-0.13469388,1.471172,-7540.2065
-0.11020408,1.471172,-7755.061
-0.08571429,1.471172,-8196.708
-0.06122449,1.471172,-9039.454
-0.036734693,1.471172,-10334.813
-0.012244898,1.471172,-12160.955
0.012244898,1.471172,-14596.861
0.036734693,1.471172,-17774.434
0.06122449,1.471172,-21819.613
0.08571429,1.471172,-26812.355
0.11020408,1.471172,-32962.574
0.13469388,1.471172,-40387.938
0.15918367,1.471172,-48899.66
0.18367347,1.471172,-59339.586
0.20816326,1.471172,-71280.39
0.23265307,1.471172,-85065.195
0.25714287,1.471172,-100562.96
0.28163266,1.471172,-118455.08
0.30612245,1.471172,-138103.05
0.33061224,1.471172,-160215.22
0.35510203,1.471172,-184408.02
0.37959182,1.471172,-209974.4
0.40408164,1.471172,-236041.1
0.42857143,1.471172,-264462.84
0.45306122,1.471172,-296307.28
0.477551,1.471172,-329151.34
0.5020408,1.471172,-364268.22
0.5265306,1.471172,-400780.78
0.5510204,1.471172,-441382.06
0.5755102,1.471172,-484192.12
0.6,1.471172,-528052.56
-0.6,1.4829901,-23560.77
-0.5755102,1.4829901,-22551.3
-0.5510204,1.4829901,-21598.174
-0.5265306,1.4829901,-20608.197
-0.5020408,1.4829901,-19650.799
-0.477551,1.4829901,-18676.945
-0.45306122,1.4829901,-17762.172
-0.42857143,1.4829901,-16789.332
-0.40408164,1.4829901,-15830.314
-0.37959182,1.4829901,-14897.949
-0.35510203,1.4829901,-13899.139
-0.33061224,1.4829901,-12851.197
-0.30612245,1.4829901,-11838.467
-0.28163266,1.4829901,-10887.203
-0.25714287,1.4829901,-9997.392
-0.23265307,1.4829901,-9191.083
-0.20816326,1.4829901,-8517.951
-0.18367347,1.4829901,-8009.7275
-0.15918367,1.4829901,-7660.5967
-0.13469388,1.4829901,-7553.8345
-0.11020408,1.4829901,-7755.136
-0.08571429,1.4829901,-8278.899
-0.06122449,1.4829901,-9076.506
-0.036734693,1.4829901,-10271.283
-0.012244898,1.4829901,-12050.517
0.012244898,1.4829901,-14508.484
0.036734693,1.4829901,-17553.984
0.06122449,1.4829901,-21409.133
0.08571429,1.4829901,-26244.113
0.11020408,1.4829901,-31967.164
0.13469388,1.4829901,-38960.297
0.15918367,1.4829901,-47287.49
0.18367347,1.4829901,-57166.21
0.20816326,1.4829901,-68766.56
0.23265307,1.4829901,-82284.164
0.25714287,1.4829901,-97972.39
0.28163266,1.4829901,-115075.875
0.30612245,1.4829901,-134703.4
0.33061224,1.4829901,-156286.22
0.35510203,1.4829901,-179546.69
0.37959182,1.4829901,-203488.88
0.40408164,1.4829901,-230010.67
0.42857143,1.4829901,-259351.14
0.45306122,1.4829901,-290526.53
0.477551,1.4829901,-323627.34
0.5020408,1.4829901,-357962.88
0.5265306,1.4829901,-393247.38
0.5510204,1.4829901,-432254.94
0.5755102,1.4829901,-474025.22
0.6,1.4829901,-517990.66
-0.6,1.4944954,-23335.326
-0.5755102,1.4944954,-22337.137
-0.5510204,1.4944954,-21321.895
-0.5265306,1.4944954,-20355.406
-0.5020408,1.4944954,-19453.676
-0.477551,1.4944954,-18509.555
-0.45306122,1.4944954,-17587.229
-0.42857143,1.4944954,-16698.402
-0.40408164,1.4944954,-15781.355
-0.37959182,1.4944954,-14816.2
-0.35510203,1.4944954,-13835.995
-0.33061224,1.4944954,-12881.303
-0.30612245,1.4944954,-11975.491
-0.28163266,1.4944954,-11051.942
-0.25714287,1.4944954,-10145.424
-0.23265307,1.4944954,-9299.55
-0.20816326,1.4944954,-8582.398
-0.18367347,1.4944954,-8107.77
-0.15918367,1.4944954,-7809.7964
-0.13469388,1.4944954,-7729.903
-0.11020408,1.4944954,-7963.4253
-0.08571429,1.4944954,-8522.346
-0.06122449,1.4944954,-9349.251
-0.036734693,1.4944954,-10622.072
-0.012244898,1.4944954,-12418.351
0.012244898,1.4944954,-14746.004
0.036734693,1.4944954,-17686.73
0.06122449,1.4944954,-21600.973
0.08571429,1.4944954,-26406.732
0.11020408,1.4944954,-32205.139
0.13469388,1.4944954,-39217.145
0.15918367,1.4944954,-47717.137
0.18367347,1.4944954,-57923.6
0.20816326,1.4944954,-69631.914
0.23265307,1.4944954,-83368.28
0.25714287,1.4944954,-98682.2
0.28163266,1.4944954,-116123.88
0.30612245,1.4944954,-135851.61
0.33061224,1.4944954,-157600.61
0.35510203,1.4944954,-181423.95
0.37959182,1.4944954,-207098.62
0.40408164,1.4944954,-233890.95
0.42857143,1.4944954,-262511.28
0.45306122,1.4944954,-291843.22
0.477551,1.4944954,-324559.75
0.5020408,1.4944954,-358991.66
0.5265306,1.4944954,-395707.97
0.5510204,1.4944954,-433458.94
0.5755102,1.4944954,-472466.12
0.6,1.4944954,-513715.22
-0.6,1.5057036,-24121.38
-0.5755102,1.5057036,-23122.133
-0.5510204,1.5057036,-22112.754
-0.5265306,1.5057036,-21251.25
-0.5020408,1.5057036,-20339.418
-0.477551,1.5057036,-19427.5
-0.45306122,1.5057036,-18471.094
-0.42857143,1.5057036,-17480.918
-0.40408164,1.5057036,-16504.656
-0.37959182,1.5057036,-15496.227
-0.35510203,1.5057036,-14441.907
-0.33061224,1.5057036,-13405.532
-0.30612245,1.5057036,-12434.392
-0.28163266,1.5057036,-11491.184
-0.25714287,1.5057036,-10643.291
-0.23265307,1.5057036,-9851.011
-0.20816326,1.5057036,-9152.521
-0.18367347,1.5057036,-8679.712
-0.15918367,1.5057036,-8375.721
-0.13469388,1.5057036,-8263.241
-0.11020408,1.5057036,-8422.428
-0.08571429,1.5057036,-8870.498
-0.06122449,1.5057036,-9672.536
-0.036734693,1.5057036,-10894.238
-0.012244898,1.5057036,-12627.884
0.012244898,1.5057036,-14977.698
0.036734693,1.5057036,-18082.36
0.06122449,1.5057036,-22061.764
0.08571429,1.5057036,-27111.807
0.11020408,1.5057036,-33102.26
0.13469388,1.5057036,-40229.094
0.15918367,1.5057036,-48695.406
0.18367347,1.5057036,-58895.957
0.20816326,1.5057036,-70658.664
0.23265307,1.5057036,-84180.37
0.25714287,1.5057036,-99819.55
0.28163266,1.5057036,-117516.12
0.30612245,1.5057036,-137147.14
0.33061224,1.5057036,-158666.16
0.35510203,1.5057036,-182229.9
0.37959182,1.5057036,-207427.33
0.40408164,1.5057036,-234375.77
0.42857143,1.5057036,-263836.44
0.45306122,1.5057036,-294161.28
0.477551,1.5057036,-325692.56
0.5020408,1.5057036,-358513.03
0.5265306,1.5057036,-392298.6
0.5510204,1.5057036,-430194.03
0.5755102,1.5057036,-470160.66
0.6,1.5057036,-512256.34
-0.6,1.5166298,-24547.496
-0.5755102,1.5166298,-23544.438
-0.5510204,1.5166298,-22591.012
-0.5265306,1.5166298,-21608.086
-0.5020408,1.5166298,-20685.32
-0.477551,1.5166298,-19760.996
-0.45306122,1.5166298,-18862.785
-0.42857143,1.5166298,-17956.06
-0.40408164,1.5166298,-16969.47
-0.37959182,1.5166298,-15967.818
-0.35510203,1.5166298,-14917.561
-0.33061224,1.5166298,-13844.636
-0.30612245,1.5166298,-12757.982
-0.28163266,1.5166298,-11690.375
-0.25714287,1.5166298,-10756.331
-0.23265307,1.5166298,-9961.473
-0.20816326,1.5166298,-9278.156
-0.18367347,1.5166298,-8732.835
-0.15918367,1.5166298,-8479.102
-0.13469388,1.5166298,-8394.818
-0.11020408,1.5166298,-8591.943
-0.08571429,1.5166298,-9024.48
-0.06122449,1.5166298,-9834.629
-0.036734693,1.5166298,-11060.403
-0.012244898,1.5166298,-12831.348
0.012244898,1.5166298,-15285.149
0.036734693,1.5166298,-18485.12
0.06122449,1.5166298,-22610.11
0.08571429,1.5166298,-27743.484
0.11020408,1.5166298,-33662.133
0.13469388,1.5166298,-40791.086
0.15918367,1.5166298,-49437.44
0.18367347,1.5166298,-59684.92
0.20816326,1.5166298,-71168.03
0.23265307,1.5166298,-84728.56
0.25714287,1.5166298,-100096.85
0.28163266,1.5166298,-117650.55
0.30612245,1.5166298,-136964.03
0.33061224,1.5166298,-158040.95
0.35510203,1.5166298,-181257.36
0.37959182,1.5166298,-206354.33
0.40408164,1.5166298,-232853.86
0.42857143,1.5166298,-260869.11
0.45306122,1.5166298,-289876.94
0.477551,1.5166298,-320562.84
0.5020408,1.5166298,-353427.34
0.5265306,1.5166298,-386048.22
0.5510204,1.5166298,-421633.2
0.5755102,1.5166298,-460623.16
0.6,1.5166298,-501851.75
-0.6,1.5272878,-25006.66
-0.5755102,1.5272878,-23962.86
-0.5510204,1.5272878,-22985.422
-0.5265306,1.5272878,-22043.629
-0.5020408,1.5272878,-21023.906
-0.477551,1.5272878,-19957.844
-0.45306122,1.5272878,-18910.016
-0.42857143,1.5272878,-17890.934
-0.40408164,1.5272878,-16906.486
-0.37959182,1.5272878,-15856.145
-0.35510203,1.5272878,-14797.677
-0.33061224,1.5272878,-13752.211
-0.30612245,1.5272878,-12713.87
-0.28163266,1.5272878,-11721.295
-0.25714287,1.5272878,-10866.907
-0.23265307,1.5272878,-10151.3
-0.20816326,1.5272878,-9583.759
-0.18367347,1.5272878,-9204.281
-0.15918367,1.5272878,-8902.078
-0.13469388,1.5272878,-8741.143
-0.11020408,1.5272878,-8833.801
-0.08571429,1.5272878,-9248.996
-0.06122449,1.5272878,-10078.928
-0.036734693,1.5272878,-11347.863
-0.012244898,1.5272878,-13121.11
0.012244898,1.5272878,-15597.608
0.036734693,1.5272878,-18803.309
0.06122449,1.5272878,-22847.324
0.08571429,1.5272878,-27846.072
0.11020408,1.5272878,-33990.42
0.13469388,1.5272878,-41493.176
0.15918367,1.5272878,-50184.79
0.18367347,1.5272878,-60373.504
0.20816326,1.5272878,-72108.73
0.23265307,1.5272878,-85813.77
0.25714287,1.5272878,-101734.73
0.28163266,1.5272878,-119545.96
0.30612245,1.5272878,-139638.95
0.33061224,1.5272878,-161654.05
0.35510203,1.5272878,-185520.9
0.37959182,1.5272878,-211105.66
0.40408164,1.5272878,-238471.95
0.42857143,1.5272878,-267473.2
0.45306122,1.5272878,-297814.97
0.477551,1.5272878,-329298.66
0.5020408,1.5272878,-362066.0
0.5265306,1.5272878,-398004.28
0.5510204,1.5272878,-436979.06
0.5755102,1.5272878,-477383.84
0.6,1.5272878,-519172.25
-0.6,1.5376906,-25061.676
-0.5755102,1.5376906,-24150.914
-0.5510204,1.5376906,-23330.062
-0.5265306,1.5376906,-22425.316
-0.5020408,1.5376906,-21496.488
-0.477551,1.5376906,-20479.633
-0.45306122,1.5376906,-19463.71
-0.42857143,1.5376906,-18438.918
-0.40408164,1.5376906,-17461.225
-0.37959182,1.5376906,-16412.344
-0.35510203,1.5376906,-15424.331
-0.33061224,1.5376906,-14457.601
-0.30612245,1.5376906,-13469.265
-0.28163266,1.5376906,-12545.244
-0.25714287,1.5376906,-11639.539
-0.23265307,1.5376906,-10802.665
-0.20816326,1.5376906,-10176.842
-0.18367347,1.5376906,-9730.461
-0.15918367,1.5376906,-9451.262
-0.13469388,1.5376906,-9295.959
-0.11020408,1.5376906,-9325.268
-0.08571429,1.5376906,-9688.056
-0.06122449,1.5376906,-10570.19
-0.036734693,1.5376906,-11890.666
-0.012244898,1.5376906,-13767.307
0.012244898,1.5376906,-16348.751
0.036734693,1.5376906,-19675.201
0.06122449,1.5376906,-23680.664
0.08571429,1.5376906,-28530.959
0.11020408,1.5376906,-34510.855
0.13469388,1.5376906,-41810.145
0.15918367,1.5376906,-50718.633
0.18367347,1.5376906,-60735.285
0.20816326,1.5376906,-72390.695
0.23265307,1.5376906,-85921.984
0.25714287,1.5376906,-101765.125
0.28163266,1.5376906,-119570.98
0.30612245,1.5376906,-139605.44
0.33061224,1.5376906,-161527.45
0.35510203,1.5376906,-185243.95
0.37959182,1.5376906,-210646.14
0.40408164,1.5376906,-237733.66
0.42857143,1.5376906,-266483.5
0.45306122,1.5376906,-296957.56
0.477551,1.5376906,-328865.2
0.5020408,1.5376906,-361357.3
0.5265306,1.5376906,-395098.25
0.5510204,1.5376906,-432363.84
0.5755102,1.5376906,-472423.28
0.6,1.5376906,-513222.84
-0.6,1.54785,-25861.86
-0.5755102,1.54785,-24810.816
-0.5510204,1.54785,-23889.998
-0.5265306,1.54785,-22835.008
-0.5020408,1.54785,-21729.65
-0.477551,1.54785,-20653.99
-0.45306122,1.54785,-19585.547
-0.42857143,1.54785,-18491.727
-0.40408164,1.54785,-17396.045
-0.37959182,1.54785,-16355.083
-0.35510203,1.54785,-15361.947
-0.33061224,1.54785,-14452.68
-0.30612245,1.54785,-13539.178
-0.28163266,1.54785,-12648.402
-0.25714287,1.54785,-11869.034
-0.23265307,1.54785,-11144.896
-0.20816326,1.54785,-10444.355
-0.18367347,1.54785,-10020.078
-0.15918367,1.54785,-9738.513
-0.13469388,1.54785,-9586.683
-0.11020408,1.54785,-9650.926
-0.08571429,1.54785,-10122.303
-0.06122449,1.54785,-10995.451
-0.036734693,1.54785,-12412.332
-0.012244898,1.54785,-14373.086
0.012244898,1.54785,-16895.906
0.036734693,1.54785,-20098.455
0.06122449,1.54785,-24205.777
0.08571429,1.54785,-29456.547
0.11020408,1.54785,-35736.855
0.13469388,1.54785,-43059.652
0.15918367,1.54785,-51802.445
0.18367347,1.54785,-61864.918
0.20816326,1.54785,-73485.836
0.23265307,1.54785,-87325.06
0.25714287,1.54785,-103228.41
0.28163266,1.54785,-121098.89
0.30612245,1.54785,-141167.44
0.33061224,1.54785,-163095.81
0.35510203,1.54785,-186848.5
0.37959182,1.54785,-212294.05
0.40408164,1.54785,-239865.66
0.42857143,1.54785,-269203.25
0.45306122,1.54785,-299819.53
0.477551,1.54785,-332055.0
0.5020408,1.54785,-365589.44
0.5265306,1.54785,-400119.75
0.5510204,1.54785,-437024.88
0.5755102,1.54785,-475895.4
0.6,1.54785,-515959.84
-0.6,1.5577772,-26182.191
-0.5755102,1.5577772,-24945.52
-0.5510204,1.5577772,-23859.475
-0.5265306,1.5577772,-22852.027
-0.5020408,1.5577772,-21953.346
-0.477551,1.5577772,-20917.053
-0.45306122,1.5577772,-19916.424
-0.42857143,1.5577772,-18885.004
-0.40408164,1.5577772,-17835.91
-0.37959182,1.5577772,-16781.848
-0.35510203,1.5577772,-15741.438
-0.33061224,1.5577772,-14767.771
-0.30612245,1.5577772,-13886.586
-0.28163266,1.5577772,-13007.652
-0.25714287,1.5577772,-12220.156
-0.23265307,1.5577772,-11472.826
-0.20816326,1.5577772,-10909.287
-0.18367347,1.5577772,-10491.256
-0.15918367,1.5577772,-10166.305
-0.13469388,1.5577772,-9993.309
-0.11020408,1.5577772,-10082.83
-0.08571429,1.5577772,-10460.927
-0.06122449,1.5577772,-11294.195
-0.036734693,1.5577772,-12611.814
-0.012244898,1.5577772,-14464.479
0.012244898,1.5577772,-16981.46
0.036734693,1.5577772,-20169.43
0.06122449,1.5577772,-24159.068
0.08571429,1.5577772,-29090.06
0.11020408,1.5577772,-35159.926
0.13469388,1.5577772,-42400.863
0.15918367,1.5577772,-50960.758
0.18367347,1.5577772,-60890.55
0.20816326,1.5577772,-72336.65
0.23265307,1.5577772,-85472.12
0.25714287,1.5577772,-100641.32
0.28163266,1.5577772,-117572.97
0.30612245,1.5577772,-136710.84
0.33061224,1.5577772,-157618.52
0.35510203,1.5577772,-180091.0
0.37959182,1.5577772,-203966.64
0.40408164,1.5577772,-230132.64
0.42857143,1.5577772,-257785.78
0.45306122,1.5577772,-286835.16
0.477551,1.5577772,-317422.84
0.5020408,1.5577772,-348918.72
0.5265306,1.5577772,-382139.72
0.5510204,1.5577772,-417867.0
0.5755102,1.5577772,-456944.06
0.6,1.5577772,-496446.34
-0.6,1.5674825,-26948.941
-0.5755102,1.5674825,-25871.598
-0.5510204,1.5674825,-24691.11
-0.5265306,1.5674825,-23597.963
-0.5020408,1.5674825,-22602.113
-0.477551,1.5674825,-21579.547
-0.45306122,1.5674825,-20536.223
-0.42857143,1.5674825,-19565.668
-0.40408164,1.5674825,-18597.004
-0.37959182,1.5674825,-17529.951
-0.35510203,1.5674825,-16459.924
-0.33061224,1.5674825,-15423.754
-0.30612245,1.5674825,-14352.16
-0.28163266,1.5674825,-13292.803
-0.25714287,1.5674825,-12421.734
-0.23265307,1.5674825,-11599.624
-0.20816326,1.5674825,-10984.42
-0.18367347,1.5674825,-10527.639
-0.15918367,1.5674825,-10249.29
-0.13469388,1.5674825,-10071.176
-0.11020408,1.5674825,-10123.507
-0.08571429,1.5674825,-10453.967
-0.06122449,1.5674825,-11188.296
-0.036734693,1.5674825,-12491.784
-0.012244898,1.5674825,-14387.021
0.012244898,1.5674825,-16966.762
0.036734693,1.5674825,-20245.758
0.06122449,1.5674825,-24446.492
0.08571429,1.5674825,-29600.71
0.11020408,1.5674825,-35771.58
0.13469388,1.5674825,-43088.082
0.15918367,1.5674825,-51912.367
0.18367347,1.5674825,-62104.12
0.20816326,1.5674825,-73978.09
0.23265307,1.5674825,-87862.8
0.25714287,1.5674825,-103586.875
0.28163266,1.5674825,-121172.805
0.30612245,1.5674825,-140560.03
0.33061224,1.5674825,-161729.08
0.35510203,1.5674825,-184669.38
0.37959182,1.5674825,-209184.3
0.40408164,1.5674825,-235317.19
0.42857143,1.5674825,-263442.44
0.45306122,1.5674825,-293536.38
0.477551,1.5674825,-325001.9
0.5020408,1.5674825,-357467.6
0.5265306,1.5674825,-391826.44
0.5510204,1.5674825,-429655.06
0.5755102,1.5674825,-467709.25
0.6,1.5674825,-508364.84
-0.6,1.5769757,-25990.438
-0.5755102,1.5769757,-24794.441
-0.5510204,1.5769757,-23898.168
-0.5265306,1.5769757,-22991.508
-0.5020408,1.5769757,-22146.393
-0.477551,1.5769757,-21222.498
-0.45306122,1.5769757,-20348.307
-0.42857143,1.5769757,-19424.047
-0.40408164,1.5769757,-18494.744
-0.37959182,1.5769757,-17475.879
-0.35510203,1.5769757,-16457.285
-0.33061224,1.5769757,-15440.49
-0.30612245,1.5769757,-14384.009
-0.28163266,1.5769757,-13413.961
-0.25714287,1.5769757,-12538.636
-0.23265307,1.5769757,-11783.301
-0.20816326,1.5769757,-11140.072
-0.18367347,1.5769757,-10623.406
-0.15918367,1.5769757,-10360.398
-0.13469388,1.5769757,-10249.59
-0.11020408,1.5769757,-10324.228
-0.08571429,1.5769757,-10661.444
-0.06122449,1.5769757,-11423.168
-0.036734693,1.5769757,-12604.018
-0.012244898,1.5769757,-14487.494
0.012244898,1.5769757,-16960.385
0.036734693,1.5769757,-20223.12
0.06122449,1.5769757,-24366.408
0.08571429,1.5769757,-29402.404
0.11020408,1.5769757,-35440.523
0.13469388,1.5769757,-42821.234
0.15918367,1.5769757,-51611.793
0.18367347,1.5769757,-62009.69
0.20816326,1.5769757,-73734.96
0.23265307,1.5769757,-87554.38
0.25714287,1.5769757,-103022.18
0.28163266,1.5769757,-120244.27
0.30612245,1.5769757,-139357.05
0.33061224,1.5769757,-159660.36
0.35510203,1.5769757,-182681.67
0.37959182,1.5769757,-207663.78
0.40408164,1.5769757,-234035.64
0.42857143,1.5769757,-263006.25
0.45306122,1.5769757,-294064.75
0.477551,1.5769757,-327088.22
0.5020408,1.5769757,-362109.88
0.5265306,1.5769757,-399119.7
0.5510204,1.5769757,-436749.75
0.5755102,1.5769757,-476556.06
0.6,1.5769757,-520354.72
-0.6,1.5862657,-26182.686
-0.5755102,1.5862657,-25265.371
-0.5510204,1.5862657,-24360.248
-0.5265306,1.5862657,-23343.443
-0.5020408,1.5862657,-22430.363
-0.477551,1.5862657,-21511.537
-0.45306122,1.5862657,-20666.219
-0.42857143,1.5862657,-19775.207
-0.40408164,1.5862657,-18879.05
-0.37959182,1.5862657,-17915.28
-0.35510203,1.5862657,-16947.562
-0.33061224,1.5862657,-15974.376
-0.30612245,1.5862657,-14964.954
-0.28163266,1.5862657,-13972.102
-0.25714287,1.5862657,-13040.336
-0.23265307,1.5862657,-12148.188
-0.20816326,1.5862657,-11370.122
-0.18367347,1.5862657,-10940.077
-0.15918367,1.5862657,-10694.094
-0.13469388,1.5862657,-10510.382
-0.11020408,1.5862657,-10563.631
-0.08571429,1.5862657,-10863.168
-0.06122449,1.5862657,-11557.761
-0.036734693,1.5862657,-12802.844
-0.012244898,1.5862657,-14623.468
0.012244898,1.5862657,-17051.928
0.036734693,1.5862657,-20235.8
0.06122449,1.5862657,-24439.836
0.08571429,1.5862657,-29829.242
0.11020408,1.5862657,-36225.453
0.13469388,1.5862657,-43829.73
0.15918367,1.5862657,-52416.76
0.18367347,1.5862657,-62309.402
0.20816326,1.5862657,-73913.01
0.23265307,1.5862657,-87299.52
0.25714287,1.5862657,-102453.0
0.28163266,1.5862657,-119618.32
0.30612245,1.5862657,-138852.4
0.33061224,1.5862657,-159759.23
0.35510203,1.5862657,-182533.11
0.37959182,1.5862657,-207095.2
0.40408164,1.5862657,-232935.2
0.42857143,1.5862657,-260696.55
0.45306122,1.5862657,-290257.53
0.477551,1.5862657,-321014.5
0.5020408,1.5862657,-352176.25
0.5265306,1.5862657,-386353.44
0.5510204,1.5862657,-422832.72
0.5755102,1.5862657,-460826.78
0.6,1.5862657,-500899.0
-0.6,1.5953612,-26822.201
-0.5755102,1.5953612,-25775.408
-0.5510204,1.5953612,-24815.555
-0.5265306,1.5953612,-23982.54
-0.5020408,1.5953612,-23242.037
-0.477551,1.5953612,-22454.283
-0.45306122,1.5953612,-21619.662
-0.42857143,1.5953612,-20757.732
-0.40408164,1.5953612,-19829.18
-0.37959182,1.5953612,-18821.676
-0.35510203,1.5953612,-17788.336
-0.33061224,1.5953612,-16701.465
-0.30612245,1.5953612,-15596.762
-0.28163266,1.5953612,-14528.083
-0.25714287,1.5953612,-13550.756
-0.23265307,1.5953612,-12665.832
-0.20816326,1.5953612,-11893.623
-0.18367347,1.5953612,-11432.162
-0.15918367,1.5953612,-11138.222
-0.13469388,1.5953612,-10889.941
-0.11020408,1.5953612,-10734.941
-0.08571429,1.5953612,-11053.226
-0.06122449,1.5953612,-11809.902
-0.036734693,1.5953612,-13307.254
-0.012244898,1.5953612,-15379.885
0.012244898,1.5953612,-18123.117
0.036734693,1.5953612,-21635.094
0.06122449,1.5953612,-26048.46
0.08571429,1.5953612,-31215.598
0.11020408,1.5953612,-37284.59
0.13469388,1.5953612,-44842.53
0.15918367,1.5953612,-53684.062
0.18367347,1.5953612,-64019.566
0.20816326,1.5953612,-76064.78
0.23265307,1.5953612,-90022.445
0.25714287,1.5953612,-105673.35
0.28163266,1.5953612,-123275.4
0.30612245,1.5953612,-142420.1
0.33061224,1.5953612,-163611.36
0.35510203,1.5953612,-187039.2
0.37959182,1.5953612,-212211.88
0.40408164,1.5953612,-238573.73
0.42857143,1.5953612,-266522.75
0.45306122,1.5953612,-295514.56
0.477551,1.5953612,-327319.66
0.5020408,1.5953612,-361739.7
0.5265306,1.5953612,-398808.62
0.5510204,1.5953612,-438745.28
0.5755102,1.5953612,-480195.22
0.6,1.5953612,-522703.22
-0.6,1.6042701,-26970.354
-0.5755102,1.6042701,-25695.914
-0.5510204,1.6042701,-24768.172
-0.5265306,1.6042701,-23796.559
-0.5020408,1.6042701,-22901.9
-0.477551,1.6042701,-22123.877
-0.45306122,1.6042701,-21345.824
-0.42857143,1.6042701,-20559.195
-0.40408164,1.6042701,-19772.275
-0.37959182,1.6042701,-18882.512
-0.35510203,1.6042701,-17998.992
-0.33061224,1.6042701,-16994.307
-0.30612245,1.6042701,-15966.878
-0.28163266,1.6042701,-14858.148
-0.25714287,1.6042701,-13844.24
-0.23265307,1.6042701,-12861.693
-0.20816326,1.6042701,-12124.444
-0.18367347,1.6042701,-11553.324
-0.15918367,1.6042701,-11271.159
-0.13469388,1.6042701,-11146.92
-0.11020408,1.6042701,-11112.943
-0.08571429,1.6042701,-11483.205
-0.06122449,1.6042701,-12418.124
-0.036734693,1.6042701,-13782.182
-0.012244898,1.6042701,-15743.027
0.012244898,1.6042701,-18373.203
0.036734693,1.6042701,-21786.098
0.06122449,1.6042701,-26100.807
0.08571429,1.6042701,-31244.258
0.11020408,1.6042701,-37472.703
0.13469388,1.6042701,-44840.23
0.15918367,1.6042701,-53641.406
0.18367347,1.6042701,-64112.637
0.20816326,1.6042701,-76341.48
0.23265307,1.6042701,-90431.13
0.25714287,1.6042701,-106172.484
0.28163266,1.6042701,-123760.96
0.30612245,1.6042701,-143271.44
0.33061224,1.6042701,-164933.48
0.35510203,1.6042701,-188677.4
0.37959182,1.6042701,-214927.45
0.40408164,1.6042701,-242737.88
0.42857143,1.6042701,-272208.44
0.45306122,1.6042701,-302572.88
0.477551,1.6042701,-334164.28
0.5020408,1.6042701,-369608.75
0.5265306,1.6042701,-405806.56
0.5510204,1.6042701,-445137.44
0.5755102,1.6042701,-485985.7
0.6,1.6042701,-528935.7
-0.6,1.613,-28087.51
-0.5755102,1.613,-26974.213
-0.5510204,1.613,-25958.672
-0.5265306,1.613,-24942.785
-0.5020408,1.613,-23913.527
-0.477551,1.613,-23070.605
-0.45306122,1.613,-22110.25
-0.42857143,1.613,-21130.398
-0.40408164,1.613,-20131.648
-0.37959182,1.613,-19224.078
-0.35510203,1.613,-18266.47
-0.33061224,1.613,-17233.959
-0.30612245,1.613,-16274.154
-0.28163266,1.613,-15275.102
-0.25714287,1.613,-14234.789
-0.23265307,1.613,-13350.583
-0.20816326,1.613,-12542.236
-0.18367347,1.613,-11924.537
-0.15918367,1.613,-11563.641
-0.13469388,1.613,-11277.0
-0.11020408,1.613,-11168.053
-0.08571429,1.613,-11465.308
-0.06122449,1.613,-12188.66
-0.036734693,1.613,-13544.941
-0.012244898,1.613,-15574.936
0.012244898,1.613,-18351.67
0.036734693,1.613,-21911.633
0.06122449,1.613,-26123.502
0.08571429,1.613,-31301.79
0.11020408,1.613,-37463.586
0.13469388,1.613,-44890.707
0.15918367,1.613,-53487.24
0.18367347,1.613,-63757.52
0.20816326,1.613,-75255.8
0.23265307,1.613,-88056.62
0.25714287,1.613,-102951.73
0.28163266,1.613,-120153.68
0.30612245,1.613,-139444.05
0.33061224,1.613,-160479.89
0.35510203,1.613,-183592.98
0.37959182,1.613,-208295.23
0.40408164,1.613,-233735.27
0.42857143,1.613,-262463.56
0.45306122,1.613,-293965.44
0.477551,1.613,-328183.06
0.5020408,1.613,-364295.3
0.5265306,1.613,-401755.72
0.5510204,1.613,-442388.88
0.5755102,1.613,-485198.78
0.6,1.613,-529416.75
-0.6,1.6215578,-29087.021
-0.5755102,1.6215578,-27836.846
-0.5510204,1.6215578,-26675.508
-0.5265306,1.6215578,-25432.496
-0.5020408,1.6215578,-24348.879
-0.477551,1.6215578,-23353.637
-0.45306122,1.6215578,-22468.635
-0.42857143,1.6215578,-21448.738
-0.40408164,1.6215578,-20415.906
-0.37959182,1.6215578,-19398.182
-0.35510203,1.6215578,-18396.625
-0.33061224,1.6215578,-17397.256
-0.30612245,1.6215578,-16304.462
-0.28163266,1.6215578,-15247.896
-0.25714287,1.6215578,-14241.994
-0.23265307,1.6215578,-13398.216
-0.20816326,1.6215578,-12652.12
-0.18367347,1.6215578,-12128.893
-0.15918367,1.6215578,-11788.066
-0.13469388,1.6215578,-11518.354
-0.11020408,1.6215578,-11444.054
-0.08571429,1.6215578,-11749.92
-0.06122449,1.6215578,-12548.625
-0.036734693,1.6215578,-13935.423
-0.012244898,1.6215578,-15951.673
0.012244898,1.6215578,-18701.26
0.036734693,1.6215578,-22162.402
0.06122449,1.6215578,-26361.488
0.08571429,1.6215578,-31372.648
0.11020408,1.6215578,-37457.098
0.13469388,1.6215578,-44986.457
0.15918367,1.6215578,-54044.855
0.18367347,1.6215578,-64060.395
0.20816326,1.6215578,-75838.89
0.23265307,1.6215578,-89217.234
0.25714287,1.6215578,-104324.555
0.28163266,1.6215578,-121459.29
0.30612245,1.6215578,-139600.61
0.33061224,1.6215578,-160743.06
0.35510203,1.6215578,-183532.3
0.37959182,1.6215578,-209196.42
0.40408164,1.6215578,-236310.77
0.42857143,1.6215578,-266085.2
0.45306122,1.6215578,-297663.3
0.477551,1.6215578,-332175.6
0.5020408,1.6215578,-368477.2
0.5265306,1.6215578,-406553.56
0.5510204,1.6215578,-447119.44
0.5755102,1.6215578,-488782.88
0.6,1.6215578,-532385.9
-0.6,1.6299502,-28765.984
-0.5755102,1.6299502,-27567.773
-0.5510204,1.6299502,-26627.957
-0.5265306,1.6299502,-25605.531
-0.5020408,1.6299502,-24585.863
-0.477551,1.6299502,-23510.17
-0.45306122,1.6299502,-22419.797
-0.42857143,1.6299502,-21412.041
-0.40408164,1.6299502,-20401.965
-0.37959182,1.6299502,-19263.832
-0.35510203,1.6299502,-18146.36
-0.33061224,1.6299502,-16984.168
-0.30612245,1.6299502,-15890.543
-0.28163266,1.6299502,-14879.809
-0.25714287,1.6299502,-14004.595
-0.23265307,1.6299502,-13224.0625
-0.20816326,1.6299502,-12631.799
-0.18367347,1.6299502,-12106.494
-0.15918367,1.6299502,-11676.318
-0.13469388,1.6299502,-11385.201
-0.11020408,1.6299502,-11436.242
-0.08571429,1.6299502,-11819.908
-0.06122449,1.6299502,-12545.871
-0.036734693,1.6299502,-13756.361
-0.012244898,1.6299502,-15649.234
0.012244898,1.6299502,-18410.004
0.036734693,1.6299502,-21967.764
0.06122449,1.6299502,-26402.488
0.08571429,1.6299502,-31933.531
0.11020408,1.6299502,-38656.723
0.13469388,1.6299502,-46408.816
0.15918367,1.6299502,-55595.652
0.18367347,1.6299502,-65806.03
0.20816326,1.6299502,-77716.06
0.23265307,1.6299502,-91447.83
0.25714287,1.6299502,-106865.75
0.28163266,1.6299502,-124068.875
0.30612245,1.6299502,-143296.62
0.33061224,1.6299502,-163872.61
0.35510203,1.6299502,-186178.28
0.37959182,1.6299502,-209750.3
0.40408164,1.6299502,-235888.34
0.42857143,1.6299502,-264506.66
0.45306122,1.6299502,-295144.28
0.477551,1.6299502,-327309.56
0.5020408,1.6299502,-362385.53
0.5265306,1.6299502,-400114.06
0.5510204,1.6299502,-439860.03
0.5755102,1.6299502,-481517.66
0.6,1.6299502,-526943.06
-0.6,1.6381835,-28727.168
-0.5755102,1.6381835,-27513.186
-0.5510204,1.6381835,-26244.871
-0.5265306,1.6381835,-25202.16
-0.5020408,1.6381835,-24228.975
-0.477551,1.6381835,-23377.117
-0.45306122,1.6381835,-22522.531
-0.42857143,1.6381835,-21636.707
-0.40408164,1.6381835,-20670.807
-0.37959182,1.6381835,-19684.062
-0.35510203,1.6381835,-18672.012
-0.33061224,1.6381835,-17607.406
-0.30612245,1.6381835,-16537.781
-0.28163266,1.6381835,-15508.806
-0.25714287,1.6381835,-14485.146
-0.23265307,1.6381835,-13582.988
-0.20816326,1.6381835,-12879.428
-0.18367347,1.6381835,-12334.487
-0.15918367,1.6381835,-11842.261
-0.13469388,1.6381835,-11500.172
-0.11020408,1.6381835,-11537.522
-0.08571429,1.6381835,-12018.174
-0.06122449,1.6381835,-12911.197
-0.036734693,1.6381835,-14360.07
-0.012244898,1.6381835,-16369.073
0.012244898,1.6381835,-18931.99
0.036734693,1.6381835,-22408.365
0.06122449,1.6381835,-26761.475
0.08571429,1.6381835,-32179.41
0.11020408,1.6381835,-38313.65
0.13469388,1.6381835,-45527.95
0.15918367,1.6381835,-54303.918
0.18367347,1.6381835,-64436.543
0.20816326,1.6381835,-76435.48
0.23265307,1.6381835,-90038.32
0.25714287,1.6381835,-105421.04
0.28163266,1.6381835,-122898.05
0.30612245,1.6381835,-142214.7
0.33061224,1.6381835,-163276.2
0.35510203,1.6381835,-186081.61
0.37959182,1.6381835,-210521.06
0.40408164,1.6381835,-236337.48
0.42857143,1.6381835,-263744.56
0.45306122,1.6381835,-294316.16
0.477551,1.6381835,-326747.34
0.5020408,1.6381835,-361407.44
0.5265306,1.6381835,-397178.47
0.5510204,1.6381835,-434354.62
0.5755102,1.6381835,-475645.25
0.6,1.6381835,-518169.1
-0.6,1.6462636,-29024.023
-0.5755102,1.6462636,-27776.748
-0.5510204,1.6462636,-26785.31
-0.5265306,1.6462636,-25769.2
-0.5020408,1.6462636,-24722.207
-0.477551,1.6462636,-23720.355
-0.45306122,1.6462636,-22744.977
-0.42857143,1.6462636,-21844.027
-0.40408164,1.6462636,-20917.867
-0.37959182,1.6462636,-19931.775
-0.35510203,1.6462636,-18789.527
-0.33061224,1.6462636,-17676.727
-0.30612245,1.6462636,-16499.389
-0.28163266,1.6462636,-15513.573
-0.25714287,1.6462636,-14620.596
-0.23265307,1.6462636,-13884.629
-0.20816326,1.6462636,-13285.254
-0.18367347,1.6462636,-12881.668
-0.15918367,1.6462636,-12549.855
-0.13469388,1.6462636,-12304.917
-0.11020408,1.6462636,-12381.16
-0.08571429,1.6462636,-12807.15
-0.06122449,1.6462636,-13555.545
-0.036734693,1.6462636,-14836.239
-0.012244898,1.6462636,-16586.023
0.012244898,1.6462636,-19076.812
0.036734693,1.6462636,-22473.54
0.06122449,1.6462636,-26701.234
0.08571429,1.6462636,-32142.004
0.11020408,1.6462636,-38674.63
0.13469388,1.6462636,-46299.47
0.15918367,1.6462636,-55598.785
0.18367347,1.6462636,-66194.6
0.20816326,1.6462636,-78335.79
0.23265307,1.6462636,-92288.47
0.25714287,1.6462636,-107876.4
0.28163266,1.6462636,-124925.84
0.30612245,1.6462636,-143442.1
0.33061224,1.6462636,-163891.72
0.35510203,1.6462636,-186972.39
0.37959182,1.6462636,-211325.84
0.40408164,1.6462636,-238167.08
0.42857143,1.6462636,-266728.1
0.45306122,1.6462636,-295817.03
0.477551,1.6462636,-329600.3
0.5020408,1.6462636,-365656.75
0.5265306,1.6462636,-404015.97
0.5510204,1.6462636,-444442.53
0.5755102,1.6462636,-486180.44
0.6,1.6462636,-529985.9
-0.6,1.6541961,-28851.016
-0.5755102,1.6541961,-27635.762
-0.5510204,1.6541961,-26482.57
-0.5265306,1.6541961,-25468.488
-0.5020408,1.6541961,-24455.117
-0.477551,1.6541961,-23609.172
-0.45306122,1.6541961,-22700.824
-0.42857143,1.6541961,-21765.824
-0.40408164,1.6541961,-20789.55
-0.37959182,1.6541961,-19813.59
-0.35510203,1.6541961,-18865.426
-0.33061224,1.6541961,-17880.516
-0.30612245,1.6541961,-16914.79
-0.28163266,1.6541961,-15893.769
-0.25714287,1.6541961,-14958.942
-0.23265307,1.6541961,-14136.551
-0.20816326,1.6541961,-13519.658
-0.18367347,1.6541961,-13069.307
-0.15918367,1.6541961,-12618.414
-0.13469388,1.6541961,-12420.359
-0.11020408,1.6541961,-12481.036
-0.08571429,1.6541961,-12937.141
-0.06122449,1.6541961,-13800.846
-0.036734693,1.6541961,-15069.876
-0.012244898,1.6541961,-16976.883
0.012244898,1.6541961,-19597.354
0.036734693,1.6541961,-23066.582
0.06122449,1.6541961,-27472.516
0.08571429,1.6541961,-32783.848
0.11020408,1.6541961,-39160.715
0.13469388,1.6541961,-46716.32
0.15918367,1.6541961,-55420.582
0.18367347,1.6541961,-65384.51
0.20816326,1.6541961,-77025.05
0.23265307,1.6541961,-90391.625
0.25714287,1.6541961,-105470.05
0.28163266,1.6541961,-122580.48
0.30612245,1.6541961,-141361.28
0.33061224,1.6541961,-162297.66
0.35510203,1.6541961,-185172.88
0.37959182,1.6541961,-209521.88
0.40408164,1.6541961,-235500.94
0.42857143,1.6541961,-264253.8
0.45306122,1.6541961,-294148.28
0.477551,1.6541961,-324743.97
0.5020408,1.6541961,-358032.16
0.5265306,1.6541961,-393099.56
0.5510204,1.6541961,-430952.8
0.5755102,1.6541961,-470674.25
0.6,1.6541961,-510432.1
-0.6,1.6619865,-27542.824
-0.5755102,1.6619865,-26420.562
-0.5510204,1.6619865,-25402.533
-0.5265306,1.6619865,-24582.418
-0.5020408,1.6619865,-23733.5
-0.477551,1.6619865,-22997.707
-0.45306122,1.6619865,-22084.875
-0.42857143,1.6619865,-21101.625
-0.40408164,1.6619865,-20247.742
-0.37959182,1.6619865,-19346.137
-0.35510203,1.6619865,-18350.627
-0.33061224,1.6619865,-17425.445
-0.30612245,1.6619865,-16466.734
-0.28163266,1.6619865,-15460.413
-0.25714287,1.6619865,-14603.342
-0.23265307,1.6619865,-13883.85
-0.20816326,1.6619865,-13337.891
-0.18367347,1.6619865,-12913.018
-0.15918367,1.6619865,-12562.5205
-0.13469388,1.6619865,-12348.602
-0.11020408,1.6619865,-12407.115
-0.08571429,1.6619865,-12793.094
-0.06122449,1.6619865,-13652.266
-0.036734693,1.6619865,-14987.098
-0.012244898,1.6619865,-16877.225
0.012244898,1.6619865,-19489.469
0.036734693,1.6619865,-22841.627
0.06122449,1.6619865,-27083.906
0.08571429,1.6619865,-32388.219
0.11020408,1.6619865,-38785.117
0.13469388,1.6619865,-46118.12
0.15918367,1.6619865,-54664.68
0.18367347,1.6619865,-64764.184
0.20816326,1.6619865,-76421.695
0.23265307,1.6619865,-89843.95
0.25714287,1.6619865,-104937.79
0.28163266,1.6619865,-121552.055
0.30612245,1.6619865,-140250.34
0.33061224,1.6619865,-160961.05
0.35510203,1.6619865,-183831.33
0.37959182,1.6619865,-208037.34
0.40408164,1.6619865,-232903.47
0.42857143,1.6619865,-259790.25
0.45306122,1.6619865,-289540.12
0.477551,1.6619865,-321367.22
0.5020408,1.6619865,-354380.6
0.5265306,1.6619865,-389286.66
0.5510204,1.6619865,-427585.97
0.5755102,1.6619865,-468882.44
0.6,1.6619865,-512258.22
-0.6,1.6696393,-29071.879
-0.5755102,1.6696393,-27965.264
-0.5510204,1.6696393,-26909.945
-0.5265306,1.6696393,-25831.102
-0.5020408,1.6696393,-24853.742
-0.477551,1.6696393,-23823.408
-0.45306122,1.6696393,-22891.543
-0.42857143,1.6696393,-22021.94
-0.40408164,1.6696393,-21037.188
-0.37959182,1.6696393,-20057.723
-0.35510203,1.6696393,-19031.777
-0.33061224,1.6696393,-17978.508
-0.30612245,1.6696393,-16991.352
-0.28163266,1.6696393,-16062.006
-0.25714287,1.6696393,-15207.707
-0.23265307,1.6696393,-14398.273
-0.20816326,1.6696393,-13598.485
-0.18367347,1.6696393,-13033.067
-0.15918367,1.6696393,-12655.069
-0.13469388,1.6696393,-12581.634
-0.11020408,1.6696393,-12670.699
-0.08571429,1.6696393,-13085.137
-0.06122449,1.6696393,-13881.836
-0.036734693,1.6696393,-15266.59
-0.012244898,1.6696393,-17298.44
0.012244898,1.6696393,-20033.908
0.036734693,1.6696393,-23648.432
0.06122449,1.6696393,-28106.809
0.08571429,1.6696393,-33488.473
0.11020408,1.6696393,-39892.812
0.13469388,1.6696393,-47594.92
0.15918367,1.6696393,-56694.273
0.18367347,1.6696393,-67161.79
0.20816326,1.6696393,-79145.78
0.23265307,1.6696393,-92631.26
0.25714287,1.6696393,-108012.414
0.28163266,1.6696393,-125498.73
0.30612245,1.6696393,-145173.12
0.33061224,1.6696393,-166610.66
0.35510203,1.6696393,-190004.06
0.37959182,1.6696393,-215307.19
0.40408164,1.6696393,-241475.08
0.42857143,1.6696393,-268651.47
0.45306122,1.6696393,-299219.22
0.477551,1.6696393,-332453.25
0.5020408,1.6696393,-368309.2
0.5265306,1.6696393,-405743.34
0.5510204,1.6696393,-443428.88
0.5755102,1.6696393,-484003.88
0.6,1.6696393,-526152.1
-0.6,1.6771598,-29332.059
-0.5755102,1.6771598,-28020.242
-0.5510204,1.6771598,-26976.094
-0.5265306,1.6771598,-26219.256
-0.5020408,1.6771598,-25317.238
-0.477551,1.6771598,-24444.71
-0.45306122,1.6771598,-23524.105
-0.42857143,1.6771598,-22418.39
-0.40408164,1.6771598,-21269.73
-0.37959182,1.6771598,-20182.568
-0.35510203,1.6771598,-19008.875
-0.33061224,1.6771598,-17853.51
-0.30612245,1.6771598,-16753.879
-0.28163266,1.6771598,-15740.539
-0.25714287,1.6771598,-14838.622
-0.23265307,1.6771598,-13968.539
-0.20816326,1.6771598,-13197.074
-0.18367347,1.6771598,-12625.916
-0.15918367,1.6771598,-12266.991
-0.13469388,1.6771598,-12197.205
-0.11020408,1.6771598,-12307.516
-0.08571429,1.6771598,-12683.648
-0.06122449,1.6771598,-13552.164
-0.036734693,1.6771598,-14914.019
-0.012244898,1.6771598,-16896.812
0.012244898,1.6771598,-19571.574
0.036734693,1.6771598,-23101.652
0.06122449,1.6771598,-27440.625
0.08571429,1.6771598,-32739.777
0.11020408,1.6771598,-39264.26
0.13469388,1.6771598,-46994.668
0.15918367,1.6771598,-56185.047
0.18367347,1.6771598,-66915.51
0.20816326,1.6771598,-79143.32
0.23265307,1.6771598,-93033.48
0.25714287,1.6771598,-108749.45
0.28163266,1.6771598,-125991.58
0.30612245,1.6771598,-144901.36
0.33061224,1.6771598,-165600.33
0.35510203,1.6771598,-187962.48
0.37959182,1.6771598,-211944.14
0.40408164,1.6771598,-236645.86
0.42857143,1.6771598,-263571.2
0.45306122,1.6771598,-292802.84
0.477551,1.6771598,-324932.94
0.5020408,1.6771598,-358576.12
0.5265306,1.6771598,-394332.06
0.5510204,1.6771598,-431936.72
0.5755102,1.6771598,-471414.8
0.6,1.6771598,-513452.1
-0.6,1.6845523,-28647.76
-0.5755102,1.6845523,-27591.926
-0.5510204,1.6845523,-26741.418
-0.5265306,1.6845523,-25673.623
-0.5020408,1.6845523,-24759.41
-0.477551,1.6845523,-23645.465
-0.45306122,1.6845523,-22735.902
-0.42857143,1.6845523,-21764.988
-0.40408164,1.6845523,-20784.521
-0.37959182,1.6845523,-19751.762
-0.35510203,1.6845523,-18815.002
-0.33061224,1.6845523,-17703.793
-0.30612245,1.6845523,-16732.895
-0.28163266,1.6845523,-15762.23
-0.25714287,1.6845523,-14800.344
-0.23265307,1.6845523,-13841.908
-0.20816326,1.6845523,-13113.191
-0.18367347,1.6845523,-12540.861
-0.15918367,1.6845523,-12163.215
-0.13469388,1.6845523,-12110.604
-0.11020408,1.6845523,-12286.187
-0.08571429,1.6845523,-12852.875
-0.06122449,1.6845523,-13752.695
-0.036734693,1.6845523,-15159.678
-0.012244898,1.6845523,-17143.666
0.012244898,1.6845523,-19879.992
0.036734693,1.6845523,-23440.469
0.06122449,1.6845523,-27886.992
0.08571429,1.6845523,-33026.176
0.11020408,1.6845523,-39409.805
0.13469388,1.6845523,-47210.65
0.15918367,1.6845523,-56301.59
0.18367347,1.6845523,-66986.15
0.20816326,1.6845523,-79005.02
0.23265307,1.6845523,-92831.88
0.25714287,1.6845523,-108492.77
0.28163266,1.6845523,-125967.38
0.30612245,1.6845523,-145096.55
0.33061224,1.6845523,-164813.8
0.35510203,1.6845523,-186131.95
0.37959182,1.6845523,-209830.42
0.40408164,1.6845523,-235313.42
0.42857143,1.6845523,-263027.62
0.45306122,1.6845523,-292156.66
0.477551,1.6845523,-324038.53
0.5020408,1.6845523,-358000.03
0.5265306,1.6845523,-393031.28
0.5510204,1.6845523,-430687.94
0.5755102,1.6845523,-471730.88
0.6,1.6845523,-515137.2
-0.6,1.691821,-28770.244
-0.5755102,1.691821,-27515.793
-0.5510204,1.691821,-26552.857
-0.5265306,1.691821,-25798.727
-0.5020408,1.691821,-25039.027
-0.477551,1.691821,-24211.637
-0.45306122,1.691821,-23288.959
-0.42857143,1.691821,-22124.348
-0.40408164,1.691821,-20942.547
-0.37959182,1.691821,-19821.969
-0.35510203,1.691821,-18723.07
-0.33061224,1.691821,-17685.902
-0.30612245,1.691821,-16621.105
-0.28163266,1.691821,-15568.392
-0.25714287,1.691821,-14709.146
-0.23265307,1.691821,-13760.083
-0.20816326,1.691821,-13092.489
-0.18367347,1.691821,-12658.498
-0.15918367,1.691821,-12487.895
-0.13469388,1.691821,-12441.086
-0.11020408,1.691821,-12592.718
-0.08571429,1.691821,-13065.375
-0.06122449,1.691821,-13960.893
-0.036734693,1.691821,-15217.926
-0.012244898,1.691821,-17025.547
0.012244898,1.691821,-19549.633
0.036734693,1.691821,-22997.332
0.06122449,1.691821,-27637.371
0.08571429,1.691821,-33399.496
0.11020408,1.691821,-40232.66
0.13469388,1.691821,-48254.652
0.15918367,1.691821,-57741.723
0.18367347,1.691821,-68711.47
0.20816326,1.691821,-81369.88
0.23265307,1.691821,-95716.6
0.25714287,1.691821,-111795.734
0.28163266,1.691821,-129185.76
0.30612245,1.691821,-147502.23
0.33061224,1.691821,-168603.3
0.35510203,1.691821,-192090.69
0.37959182,1.691821,-216802.36
0.40408164,1.691821,-243363.0
0.42857143,1.691821,-271668.44
0.45306122,1.691821,-299738.4
0.477551,1.691821,-332347.28
0.5020408,1.691821,-367014.94
0.5265306,1.691821,-404631.94
0.5510204,1.691821,-443459.6
0.5755102,1.691821,-482119.12
0.6,1.691821,-524724.7
-0.6,1.69897,-28167.254
-0.5755102,1.69897,-27200.844
-0.5510204,1.69897,-26234.09
-0.5265306,1.69897,-25270.002
-0.5020408,1.69897,-24375.64
-0.477551,1.69897,-23559.053
-0.45306122,1.69897,-22580.164
-0.42857143,1.69897,-21505.635
-0.40408164,1.69897,-20359.385
-0.37959182,1.69897,-19243.885
-0.35510203,1.69897,-18243.066
-0.33061224,1.69897,-17251.729
-0.30612245,1.69897,-16328.251
-0.28163266,1.69897,-15370.842
-0.25714287,1.69897,-14578.682
-0.23265307,1.69897,-13707.824
-0.20816326,1.69897,-12968.785
-0.18367347,1.69897,-12525.716
-0.15918367,1.69897,-12217.762
-0.13469388,1.69897,-12131.523
-0.11020408,1.69897,-12361.43
-0.08571429,1.69897,-12971.448
-0.06122449,1.69897,-13915.779
-0.036734693,1.69897,-15373.52
-0.012244898,1.69897,-17392.271
0.012244898,1.69897,-20032.59
0.036734693,1.69897,-23443.617
0.06122449,1.69897,-27966.414
0.08571429,1.69897,-33654.465
0.11020408,1.69897,-40724.246
0.13469388,1.69897,-49073.062
0.15918367,1.69897,-58721.16
0.18367347,1.69897,-69846.96
0.20816326,1.69897,-82753.5
0.23265307,1.69897,-97372.6
0.25714287,1.69897,-113576.11
0.28163266,1.69897,-131327.0
0.30612245,1.69897,-150615.69
0.33061224,1.69897,-172437.38
0.35510203,1.69897,-195995.1
0.37959182,1.69897,-220397.2
0.40408164,1.69897,-247389.84
0.42857143,1.69897,-276150.25
0.45306122,1.69897,-306624.44
0.477551,1.69897,-341393.9
0.5020408,1.69897,-378404.84
0.5265306,1.69897,-417379.03
0.5510204,1.69897,-458741.7
0.5755102,1.69897,-500737.53
0.6,1.69897,-545919.75
